"Player","Tm","Pos","Opp","PaCom","PaAtt","PaYds","PaTDs","INT","RuAtt","RuYds","RuTDs","Tar","Rec","ReYds","ReTDs","Fum","FGM","39M","49M","50M","XPM","Sks","FR","DINT","DTD","PPG","Yds","0.5","PPR","Non"
"Christian McCaffrey","SF","RB","NYJ","0.0","0.0","0.0","0.0","0.0","16.5","76.6","0.5","5.7","4.6","36.6","0.2","0.2","","","","","","","","","","","","17.5","19.8","15.2"
"Tyreek Hill","MIA","WR","JAC","0.0","0.0","0.0","0.0","0.0","0.3","1.5","0.0","9.7","7.1","100.1","0.6","0.1","","","","","","","","","","","","17.0","20.6","13.5"
"Amon-Ra St. Brown","DET","WR","LA","0.0","0.0","0.0","0.0","0.0","0.3","1.7","0.0","9.3","7.3","85.3","0.5","0.1","","","","","","","","","","","","15.4","19.0","11.8"
"Bijan Robinson","ATL","RB","PIT","0.0","0.0","0.0","0.0","0.0","15.2","64.9","0.4","4.7","3.7","28.3","0.2","0.1","","","","","","","","","","","","14.3","16.1","12.4"
"Breece Hall","NYJ","RB","SF","0.0","0.0","0.0","0.0","0.0","15.6","65.0","0.4","5.3","3.9","27.6","0.1","0.1","","","","","","","","","","","","14.1","16.1","12.1"
"CeeDee Lamb","DAL","WR","CLE","0.0","0.0","0.0","0.0","0.0","0.5","2.8","0.0","10.5","6.9","83.0","0.4","0.1","","","","","","","","","","","","14.7","18.1","11.2"
"Justin Jefferson","MIN","WR","NYG","0.0","0.0","0.0","0.0","0.0","0.1","0.4","0.0","10.4","6.5","83.8","0.5","0.1","","","","","","","","","","","","14.4","17.6","11.1"
"Jonathan Taylor","IND","RB","HOU","0.0","0.0","0.0","0.0","0.0","17.7","74.7","0.5","2.7","2.2","14.1","0.1","0.1","","","","","","","","","","","","13.2","14.3","12.1"
"Saquon Barkley","PHI","RB","GB","0.0","0.0","0.0","0.0","0.0","15.3","67.6","0.4","3.4","2.8","18.7","0.1","0.1","0.0","0.0","0.0","0.0","0.0","0.0","0.00","0.0","0.0","0.0","0.0","13.2","14.6","11.8"
"Puka Nacua","LA","WR","DET","0.0","0.0","0.0","0.0","0.0","0.4","2.2","0.0","9.1","6.1","76.1","0.4","0.1","","","","","","","","","","","","13.6","16.6","10.5"
"Travis Etienne Jr.","JAC","RB","MIA","0.0","0.0","0.0","0.0","0.0","14.0","56.6","0.5","3.8","3.1","20.6","0.1","0.1","","","","","","","","","","","","12.7","14.2","11.2"
"Jahmyr Gibbs","DET","RB","LA","0.0","0.0","0.0","0.0","0.0","11.0","54.3","0.4","3.7","3.1","23.7","0.2","0.1","","","","","","","","","","","","12.6","14.1","11.0"
"Rachaad White","TB","RB","WAS","0.0","0.0","0.0","0.0","0.0","15.1","58.1","0.4","3.9","3.2","21.7","0.1","0.1","","","","","","","","","","","","12.4","14.0","10.8"
"Kyren Williams","LA","RB","DET","0.0","0.0","0.0","0.0","0.0","14.9","62.0","0.4","3.1","2.4","15.7","0.1","0.1","","","","","","","","","","","","12.2","13.4","11.0"
"James Cook","BUF","RB","ARI","0.0","0.0","0.0","0.0","0.0","13.9","62.4","0.4","3.1","2.5","18.9","0.1","0.1","","","","","","","","","","","","12.2","13.5","10.9"
"Alvin Kamara","NO","RB","CAR","0.0","0.0","0.0","0.0","0.0","12.1","48.9","0.3","4.5","4.0","27.4","0.2","0.1","","","","","","","","","","","","12.2","14.2","10.2"
"Josh Jacobs","GB","RB","PHI","0.0","0.0","0.0","0.0","0.0","15.4","62.0","0.4","3.4","2.7","18.7","0.1","0.1","0.0","0.0","0.0","0.0","0.0","0.0","0.00","0.0","0.0","0.0","0.0","12.2","13.5","10.8"
"De'Von Achane","MIA","RB","JAC","0.0","0.0","0.0","0.0","0.0","11.5","54.3","0.3","3.4","2.9","23.8","0.2","0.1","","","","","","","","","","","","12.2","13.6","10.7"
"Kenneth Walker III","SEA","RB","DEN","0.0","0.0","0.0","0.0","0.0","15.5","63.9","0.6","2.1","1.8","11.5","0.1","0.1","","","","","","","","","","","","12.1","13.0","11.3"
"Isiah Pacheco","KC","RB","BAL","0.0","0.0","0.0","0.0","0.0","14.9","62.5","0.4","3.4","2.6","15.7","0.1","0.1","0.0","0.0","0.0","0.0","0.0","0.0","0.00","0.0","0.0","0.0","0.0","12.1","13.4","10.8"
"Derrick Henry","BAL","RB","KC","0.0","0.0","0.0","0.0","0.0","16.6","69.3","0.5","1.9","1.4","9.4","0.1","0.1","0.0","0.0","0.0","0.0","0.0","0.0","0.00","0.0","0.0","0.0","0.0","12.0","12.7","11.4"
"Ja'Marr Chase","CIN","WR","NE","0.0","0.0","0.0","0.0","0.0","0.2","0.9","0.0","8.3","5.7","70.1","0.5","0.0","","","","","","","","","","","","12.8","15.7","10.0"
"A.J. Brown","PHI","WR","GB","0.0","0.0","0.0","0.0","0.0","0.1","0.6","0.0","8.5","5.7","73.1","0.4","0.0","0.0","0.0","0.0","0.0","0.0","0.0","0.00","0.0","0.0","0.0","0.0","12.8","15.6","10.0"
"Cooper Kupp","LA","WR","DET","0.0","0.0","0.0","0.0","0.0","0.2","1.1","0.0","8.8","6.0","69.7","0.4","0.0","","","","","","","","","","","","12.8","15.8","9.8"
"Mike Evans","TB","WR","WAS","0.0","0.0","0.0","0.0","0.0","0.0","0.0","0.0","8.8","4.9","74.6","0.5","0.0","","","","","","","","","","","","12.7","15.2","10.3"
"Garrett Wilson","NYJ","WR","SF","0.0","0.0","0.0","0.0","0.0","0.2","0.9","0.0","9.3","5.8","71.8","0.4","0.1","","","","","","","","","","","","12.6","15.5","9.8"
"Joe Mixon","HOU","RB","IND","0.0","0.0","0.0","0.0","0.0","15.7","58.2","0.4","2.9","2.4","15.2","0.1","0.1","","","","","","","","","","","","11.6","12.8","10.4"
"Davante Adams","LV","WR","LAC","0.0","0.0","0.0","0.0","0.0","0.0","0.0","0.0","9.7","5.7","71.5","0.4","0.1","","","","","","","","","","","","12.2","15.1","9.3"
"Aaron Jones","MIN","RB","NYG","0.0","0.0","0.0","0.0","0.0","13.8","56.3","0.4","3.4","2.5","15.8","0.1","0.1","","","","","","","","","","","","11.1","12.3","9.9"
"Chris Olave","NO","WR","CAR","0.0","0.0","0.0","0.0","0.0","0.0","0.0","0.0","8.6","5.5","67.2","0.4","0.0","","","","","","","","","","","","11.8","14.6","9.1"
"Rashee Rice","KC","WR","BAL","0.0","0.0","0.0","0.0","0.0","0.1","0.5","0.0","7.8","5.8","64.9","0.4","0.1","0.0","0.0","0.0","0.0","0.0","0.0","0.00","0.0","0.0","0.0","0.0","11.6","14.5","8.7"
"Drake London","ATL","WR","PIT","0.0","0.0","0.0","0.0","0.0","0.0","0.0","0.0","8.2","5.3","65.6","0.4","0.0","","","","","","","","","","","","11.6","14.2","8.9"
"Marvin Harrison Jr.","ARI","WR","BUF","0.0","0.0","0.0","0.0","0.0","0.2","1.1","0.0","8.9","5.4","65.2","0.4","0.0","","","","","","","","","","","","11.6","14.3","8.9"
"Jaylen Waddle","MIA","WR","JAC","0.0","0.0","0.0","0.0","0.0","0.2","1.0","0.0","7.0","5.0","64.8","0.4","0.0","","","","","","","","","","","","11.5","14.0","9.0"
"Travis Kelce","KC","TE","BAL","0.0","0.0","0.0","0.0","0.0","0.0","0.0","0.0","7.6","5.7","58.7","0.5","0.0","0.0","0.0","0.0","0.0","0.0","0.0","0.00","0.0","0.0","0.0","0.0","11.7","14.5","8.9"
"David Montgomery","DET","RB","LA","0.0","0.0","0.0","0.0","0.0","13.5","59.0","0.5","1.5","1.3","7.4","0.1","0.1","","","","","","","","","","","","10.7","11.3","10.0"
"Nico Collins","HOU","WR","IND","0.0","0.0","0.0","0.0","0.0","0.1","0.5","0.0","7.0","4.9","66.7","0.4","0.1","","","","","","","","","","","","11.4","13.9","9.0"
"Deebo Samuel","SF","WR","NYJ","0.0","0.0","0.0","0.0","0.0","2.6","13.5","0.1","6.3","4.2","55.0","0.3","0.1","","","","","","","","","","","","11.2","13.3","9.1"
"Michael Pittman Jr.","IND","WR","HOU","0.0","0.0","0.0","0.0","0.0","0.0","0.0","0.0","8.1","5.8","63.4","0.3","0.1","","","","","","","","","","","","11.2","14.1","8.3"
"D.J. Moore","CHI","WR","TEN","0.0","0.0","0.0","0.0","0.0","0.4","2.0","0.0","7.0","4.6","62.4","0.4","0.0","","","","","","","","","","","","11.1","13.4","8.8"
"Josh Allen","BUF","QB","ARI","22.2","32.8","246.9","1.7","0.6","7.8","33.8","0.6","0.0","0.0","0.0","0.0","0.3","","","","","","","","","","","","22.9","22.9","22.9"
"James Conner","ARI","RB","BUF","0.0","0.0","0.0","0.0","0.0","13.2","56.2","0.3","2.6","2.0","12.2","0.1","0.1","","","","","","","","","","","","10.2","11.2","9.2"
"Raheem Mostert","MIA","RB","JAC","0.0","0.0","0.0","0.0","0.0","11.4","51.8","0.5","2.1","1.7","10.1","0.1","0.1","","","","","","","","","","","","10.2","11.0","9.4"
"Rhamondre Stevenson","NE","RB","CIN","0.0","0.0","0.0","0.0","0.0","13.5","52.5","0.3","3.7","2.5","15.6","0.1","0.1","","","","","","","","","","","","10.2","11.5","8.9"
"Devin Singletary","NYG","RB","MIN","0.0","0.0","0.0","0.0","0.0","14.7","55.0","0.3","2.9","2.1","11.6","0.1","0.1","","","","","","","","","","","","10.1","11.2","9.1"
"Malik Nabers","NYG","WR","MIN","0.0","0.0","0.0","0.0","0.0","0.1","0.6","0.0","7.9","4.9","60.1","0.4","0.0","","","","","","","","","","","","10.8","13.2","8.3"
"DK Metcalf","SEA","WR","DEN","0.0","0.0","0.0","0.0","0.0","0.0","0.0","0.0","7.5","4.6","60.7","0.4","0.0","","","","","","","","","","","","10.7","13.0","8.4"
"Stefon Diggs","HOU","WR","IND","0.0","0.0","0.0","0.0","0.0","0.0","0.0","0.0","7.2","5.0","59.6","0.4","0.0","","","","","","","","","","","","10.7","13.2","8.2"
"DeVonta Smith","PHI","WR","GB","0.0","0.0","0.0","0.0","0.0","0.0","0.0","0.0","6.7","4.8","61.1","0.4","0.0","0.0","0.0","0.0","0.0","0.0","0.0","0.00","0.0","0.0","0.0","0.0","10.7","13.0","8.3"
"Chris Godwin","TB","WR","WAS","0.0","0.0","0.0","0.0","0.0","0.1","0.5","0.0","7.6","5.3","58.4","0.3","0.0","","","","","","","","","","","","10.5","13.2","7.9"
"D'Andre Swift","CHI","RB","TEN","0.0","0.0","0.0","0.0","0.0","10.9","47.6","0.3","3.2","2.4","14.5","0.1","0.1","","","","","","","","","","","","9.7","11.0","8.5"
"Chuba Hubbard","CAR","RB","NO","0.0","0.0","0.0","0.0","0.0","13.3","51.4","0.3","2.4","1.8","11.9","0.1","0.1","","","","","","","","","","","","9.7","10.6","8.8"
"Javonte Williams","DEN","RB","SEA","0.0","0.0","0.0","0.0","0.0","12.5","51.1","0.2","3.5","2.6","16.2","0.1","0.1","","","","","","","","","","","","9.7","11.0","8.4"
"Sam LaPorta","DET","TE","LA","0.0","0.0","0.0","0.0","0.0","0.0","0.0","0.0","6.8","5.3","54.9","0.4","0.1","","","","","","","","","","","","10.7","13.4","8.0"
"Jerome Ford","CLE","RB","DAL","0.0","0.0","0.0","0.0","0.0","12.3","47.4","0.3","2.8","2.3","14.4","0.1","0.1","","","","","","","","","","","","9.6","10.8","8.5"
"Zamir White","LV","RB","LAC","0.0","0.0","0.0","0.0","0.0","14.9","55.7","0.3","2.3","1.7","9.8","0.1","0.1","","","","","","","","","","","","9.6","10.5","8.8"
"Christian Kirk","JAC","WR","MIA","0.0","0.0","0.0","0.0","0.0","0.1","0.5","0.0","7.2","4.8","57.2","0.4","0.0","","","","","","","","","","","","10.3","12.7","8.0"
"Najee Harris","PIT","RB","ATL","0.0","0.0","0.0","0.0","0.0","13.8","55.7","0.3","2.4","1.7","8.5","0.1","0.1","","","","","","","","","","","","9.5","10.4","8.7"
"Jalen Hurts","PHI","QB","GB","21.7","32.9","242.7","1.5","0.6","8.9","41.6","0.5","0.0","0.0","0.0","0.0","0.3","0.0","0.0","0.0","0.0","0.0","0.0","0.00","0.0","0.0","0.0","0.0","22.1","22.1","22.1"
"Amari Cooper","CLE","WR","DAL","0.0","0.0","0.0","0.0","0.0","0.0","0.0","0.0","7.5","4.4","57.8","0.4","0.0","","","","","","","","","","","","10.1","12.3","7.9"
"Terry McLaurin","WAS","WR","TB","0.0","0.0","0.0","0.0","0.0","0.0","0.0","0.0","7.2","4.5","58.0","0.3","0.1","","","","","","","","","","","","10.0","12.2","7.7"
"Tony Pollard","TEN","RB","CHI","0.0","0.0","0.0","0.0","0.0","11.3","44.3","0.3","2.7","2.0","12.9","0.1","0.1","","","","","","","","","","","","9.0","10.0","8.1"
"Zack Moss","CIN","RB","NE","0.0","0.0","0.0","0.0","0.0","12.3","45.6","0.3","2.2","1.8","11.7","0.1","0.1","","","","","","","","","","","","9.0","9.9","8.1"
"Brandon Aiyuk","SF","WR","NYJ","0.0","0.0","0.0","0.0","0.0","0.0","0.0","0.0","6.4","4.0","55.0","0.4","0.0","","","","","","","","","","","","9.8","11.8","7.8"
"Calvin Ridley","TEN","WR","CHI","0.0","0.0","0.0","0.0","0.0","0.2","0.8","0.0","7.5","4.4","56.5","0.3","0.0","","","","","","","","","","","","9.8","12.0","7.6"
"Trey McBride","ARI","TE","BUF","0.0","0.0","0.0","0.0","0.0","0.0","0.0","0.0","8.2","5.4","51.6","0.4","0.0","","","","","","","","","","","","10.0","12.7","7.2"
"Tank Dell","HOU","WR","IND","0.0","0.0","0.0","0.0","0.0","0.5","2.5","0.0","5.9","4.1","53.9","0.3","0.0","","","","","","","","","","","","9.7","11.7","7.6"
"Brian Robinson Jr.","WAS","RB","TB","0.0","0.0","0.0","0.0","0.0","10.8","43.9","0.4","2.3","1.6","13.0","0.1","0.1","","","","","","","","","","","","8.9","9.7","8.1"
"Zay Flowers","BAL","WR","KC","0.0","0.0","0.0","0.0","0.0","0.3","1.7","0.0","6.7","4.6","53.2","0.3","0.0","0.0","0.0","0.0","0.0","0.0","0.0","0.00","0.0","0.0","0.0","0.0","9.7","12.0","7.4"
"George Pickens","PIT","WR","ATL","0.0","0.0","0.0","0.0","0.0","0.2","1.0","0.0","7.4","4.2","54.5","0.3","0.0","","","","","","","","","","","","9.6","11.7","7.5"
"Joshua Palmer","LAC","WR","LV","0.0","0.0","0.0","0.0","0.0","0.0","0.0","0.0","6.8","4.3","53.7","0.4","0.0","","","","","","","","","","","","9.6","11.7","7.4"
"Keenan Allen","CHI","WR","TEN","0.0","0.0","0.0","0.0","0.0","0.0","0.0","0.0","6.5","4.6","50.8","0.4","0.0","","","","","","","","","","","","9.5","11.8","7.2"
"Diontae Johnson","CAR","WR","NO","0.0","0.0","0.0","0.0","0.0","0.0","0.0","0.0","7.5","4.6","54.7","0.3","0.0","","","","","","","","","","","","9.3","11.6","7.0"
"Patrick Mahomes","KC","QB","BAL","25.7","37.8","273.8","1.9","0.6","4.3","21.3","0.2","0.0","0.0","0.0","0.0","0.2","0.0","0.0","0.0","0.0","0.0","0.0","0.00","0.0","0.0","0.0","0.0","21.1","21.1","21.1"
"Evan Engram","JAC","TE","MIA","0.0","0.0","0.0","0.0","0.0","0.0","0.0","0.0","7.0","5.2","46.0","0.4","0.0","","","","","","","","","","","","9.4","12.0","6.8"
"Mark Andrews","BAL","TE","KC","0.0","0.0","0.0","0.0","0.0","0.0","0.0","0.0","6.8","4.5","49.8","0.4","0.0","0.0","0.0","0.0","0.0","0.0","0.0","0.00","0.0","0.0","0.0","0.0","9.4","11.6","7.1"
"Dalton Kincaid","BUF","TE","ARI","0.0","0.0","0.0","0.0","0.0","0.0","0.0","0.0","5.6","4.6","48.2","0.4","0.1","","","","","","","","","","","","9.2","11.5","6.9"
"Austin Ekeler","WAS","RB","TB","0.0","0.0","0.0","0.0","0.0","7.6","27.4","0.2","4.2","3.0","20.8","0.1","0.1","","","","","","","","","","","","8.1","9.6","6.6"
"Chase Brown","CIN","RB","NE","0.0","0.0","0.0","0.0","0.0","9.1","34.9","0.2","2.8","2.2","15.2","0.1","0.1","","","","","","","","","","","","8.1","9.2","6.9"
"Tyjae Spears","TEN","RB","CHI","0.0","0.0","0.0","0.0","0.0","8.8","34.5","0.2","3.2","2.5","16.4","0.1","0.1","","","","","","","","","","","","8.0","9.3","6.8"
"Jayden Reed","GB","WR","PHI","0.0","0.0","0.0","0.0","0.0","0.9","5.6","0.0","5.6","3.8","45.0","0.3","0.0","0.0","0.0","0.0","0.0","0.0","0.0","0.00","0.0","0.0","0.0","0.0","8.8","10.7","6.9"
"C.J. Stroud","HOU","QB","IND","22.9","35.9","280.0","1.9","0.6","2.8","9.1","0.3","0.0","0.0","0.0","0.0","0.2","","","","","","","","","","","","20.5","20.5","20.5"
"Kyle Pitts","ATL","TE","PIT","0.0","0.0","0.0","0.0","0.0","0.0","0.0","0.0","6.2","4.0","47.3","0.4","0.0","","","","","","","","","","","","8.8","10.8","6.9"
"Courtland Sutton","DEN","WR","SEA","0.0","0.0","0.0","0.0","0.0","0.0","0.0","0.0","6.4","3.7","49.0","0.3","0.0","","","","","","","","","","","","8.6","10.5","6.7"
"Xavier Worthy","KC","WR","BAL","0.0","0.0","0.0","0.0","0.0","0.1","0.6","0.0","5.3","3.4","47.2","0.4","0.0","0.0","0.0","0.0","0.0","0.0","0.0","0.00","0.0","0.0","0.0","0.0","8.6","10.3","6.9"
"Jaxon Smith-Njigba","SEA","WR","DEN","0.0","0.0","0.0","0.0","0.0","0.0","0.0","0.0","5.8","4.0","46.6","0.3","0.0","","","","","","","","","","","","8.5","10.6","6.5"
"Anthony Richardson","IND","QB","HOU","19.6","31.8","227.8","1.2","0.7","9.3","44.2","0.5","0.0","0.0","0.0","0.0","0.3","","","","","","","","","","","","20.2","20.2","20.2"
"Gus Edwards","LAC","RB","LV","0.0","0.0","0.0","0.0","0.0","11.4","46.1","0.3","1.2","0.9","5.8","0.0","0.1","","","","","","","","","","","","7.6","8.0","7.1"
"David Njoku","CLE","TE","DAL","0.0","0.0","0.0","0.0","0.0","0.0","0.0","0.0","6.5","4.4","43.5","0.3","0.0","","","","","","","","","","","","8.5","10.7","6.3"
"George Kittle","SF","TE","NYJ","0.0","0.0","0.0","0.0","0.0","0.0","0.0","0.0","5.1","3.8","44.0","0.4","0.0","","","","","","","","","","","","8.5","10.3","6.6"
"DeAndre Hopkins","TEN","WR","CHI","0.0","0.0","0.0","0.0","0.0","0.0","0.0","0.0","6.2","3.7","46.1","0.3","0.0","","","","","","","","","","","","8.3","10.1","6.4"
"Jaylen Warren","PIT","RB","ATL","0.0","0.0","0.0","0.0","0.0","7.2","29.0","0.2","3.7","2.8","14.1","0.1","0.1","","","","","","","","","","","","7.4","8.8","6.0"
"J.K. Dobbins","LAC","RB","LV","0.0","0.0","0.0","0.0","0.0","9.2","36.8","0.3","2.2","1.7","10.0","0.1","0.1","","","","","","","","","","","","7.4","8.3","6.6"
"Brian Thomas Jr.","JAC","WR","MIA","0.0","0.0","0.0","0.0","0.0","0.0","0.0","0.0","5.8","3.5","43.3","0.4","0.0","","","","","","","","","","","","8.2","9.9","6.4"
"Christian Watson","GB","WR","PHI","0.0","0.0","0.0","0.0","0.0","0.2","1.3","0.0","5.2","3.3","42.4","0.3","0.0","0.0","0.0","0.0","0.0","0.0","0.0","0.00","0.0","0.0","0.0","0.0","8.2","9.8","6.5"
"Andrei Iosivas","CIN","WR","NE","0.0","0.0","0.0","0.0","0.0","0.0","0.0","0.0","5.2","3.5","44.0","0.3","0.0","","","","","","","","","","","","8.0","9.8","6.3"
"Lamar Jackson","BAL","QB","KC","19.6","30.9","219.8","1.3","0.5","8.7","48.7","0.3","0.0","0.0","0.0","0.0","0.3","0.0","0.0","0.0","0.0","0.0","0.0","0.00","0.0","0.0","0.0","0.0","19.8","19.8","19.8"
"Jordan Addison","MIN","WR","NYG","0.0","0.0","0.0","0.0","0.0","0.0","0.0","0.0","5.9","3.6","45.5","0.3","0.0","","","","","","","","","","","","8.0","9.8","6.2"
"Jake Ferguson","DAL","TE","CLE","0.0","0.0","0.0","0.0","0.0","0.0","0.0","0.0","6.4","4.4","41.1","0.3","0.0","","","","","","","","","","","","8.1","10.3","5.9"
"Tyler Lockett","SEA","WR","DEN","0.0","0.0","0.0","0.0","0.0","0.0","0.0","0.0","5.4","3.7","42.7","0.3","0.0","","","","","","","","","","","","7.9","9.7","6.1"
"Khalil Shakir","BUF","WR","ARI","0.0","0.0","0.0","0.0","0.0","0.3","1.4","0.0","4.5","3.4","42.8","0.3","0.0","","","","","","","","","","","","7.9","9.6","6.2"
"Romeo Doubs","GB","WR","PHI","0.0","0.0","0.0","0.0","0.0","0.1","0.5","0.0","5.4","3.5","42.1","0.3","0.0","0.0","0.0","0.0","0.0","0.0","0.0","0.00","0.0","0.0","0.0","0.0","7.8","9.6","6.1"
"Rome Odunze","CHI","WR","TEN","0.0","0.0","0.0","0.0","0.0","0.0","0.0","0.0","5.7","3.6","43.3","0.3","0.0","","","","","","","","","","","","7.8","9.6","6.0"
"Ezekiel Elliott","DAL","RB","CLE","0.0","0.0","0.0","0.0","0.0","9.4","32.5","0.3","2.3","1.7","8.9","0.1","0.1","","","","","","","","","","","","7.0","7.8","6.1"
"Dallas Goedert","PHI","TE","GB","0.0","0.0","0.0","0.0","0.0","0.0","0.0","0.0","5.7","4.3","39.5","0.3","0.0","0.0","0.0","0.0","0.0","0.0","0.0","0.00","0.0","0.0","0.0","0.0","7.9","10.1","5.8"
"Jakobi Meyers","LV","WR","LAC","0.0","0.0","0.0","0.0","0.0","0.3","1.6","0.0","5.7","3.6","41.7","0.3","0.0","","","","","","","","","","","","7.7","9.5","5.9"
"Ladd McConkey","LAC","WR","LV","0.0","0.0","0.0","0.0","0.0","0.0","0.0","0.0","5.9","3.6","41.0","0.3","0.0","","","","","","","","","","","","7.7","9.5","5.9"
"Jameson Williams","DET","WR","LA","0.0","0.0","0.0","0.0","0.0","0.3","1.7","0.0","4.5","3.0","40.3","0.3","0.0","","","","","","","","","","","","7.6","9.2","6.1"
"Rico Dowdle","DAL","RB","CLE","0.0","0.0","0.0","0.0","0.0","8.0","35.4","0.2","2.5","1.7","9.7","0.0","0.1","","","","","","","","","","","","6.7","7.6","5.8"
"Brandin Cooks","DAL","WR","CLE","0.0","0.0","0.0","0.0","0.0","0.3","2.1","0.0","5.6","3.4","39.4","0.3","0.0","","","","","","","","","","","","7.4","9.2","5.7"
"Jerry Jeudy","CLE","WR","DAL","0.0","0.0","0.0","0.0","0.0","0.1","0.5","0.0","5.5","3.5","39.9","0.3","0.0","","","","","","","","","","","","7.4","9.1","5.6"
"Gabe Davis","JAC","WR","MIA","0.0","0.0","0.0","0.0","0.0","0.0","0.0","0.0","5.1","3.0","39.8","0.3","0.0","","","","","","","","","","","","7.3","8.8","5.8"
"Jaleel McLaughlin","DEN","RB","SEA","0.0","0.0","0.0","0.0","0.0","5.9","25.3","0.1","3.2","2.3","15.4","0.1","0.1","","","","","","","","","","","","6.4","7.6","5.3"
"Adam Thielen","CAR","WR","NO","0.0","0.0","0.0","0.0","0.0","0.0","0.0","0.0","6.0","3.7","38.7","0.2","0.0","","","","","","","","","","","","7.2","9.0","5.3"
"Rashid Shaheed","NO","WR","CAR","0.0","0.0","0.0","0.0","0.0","0.4","2.1","0.0","4.5","2.8","37.9","0.3","0.0","","","","","","","","","","","","7.1","8.5","5.7"
"Darnell Mooney","ATL","WR","PIT","0.0","0.0","0.0","0.0","0.0","0.1","0.6","0.0","5.3","3.1","37.6","0.3","0.0","","","","","","","","","","","","7.0","8.5","5.4"
"Zach Charbonnet","SEA","RB","DEN","0.0","0.0","0.0","0.0","0.0","6.3","26.4","0.2","2.1","1.6","9.6","0.1","0.1","","","","","","","","","","","","6.2","7.0","5.3"
"Dalton Schultz","HOU","TE","IND","0.0","0.0","0.0","0.0","0.0","0.0","0.0","0.0","4.6","3.4","34.4","0.3","0.0","","","","","","","","","","","","7.1","8.8","5.5"
"DeMario Douglas","NE","WR","CIN","0.0","0.0","0.0","0.0","0.0","0.2","1.0","0.0","5.8","3.6","37.7","0.2","0.0","","","","","","","","","","","","6.9","8.7","5.1"
"Seattle Seahawks","SEA","DST","DEN","0.0","0.0","0.0","0.0","0.0","0.0","0.0","0.0","0.0","0.0","0.0","0.0","0.0","","","","","","2.5","0.60","0.8","0.2","19.5","317.2","7.5","7.5","7.5"
"Tyler Allgeier","ATL","RB","PIT","0.0","0.0","0.0","0.0","0.0","7.8","29.1","0.2","1.2","0.9","7.0","0.1","0.1","","","","","","","","","","","","5.8","6.2","5.3"
"Cincinnati Bengals","CIN","DST","NE","0.0","0.0","0.0","0.0","0.0","0.0","0.0","0.0","0.0","0.0","0.0","0.0","0.0","","","","","","2.6","0.50","0.8","0.2","18.3","297.1","7.4","7.4","7.4"
"Curtis Samuel","BUF","WR","ARI","0.0","0.0","0.0","0.0","0.0","0.7","3.6","0.0","4.2","3.1","30.6","0.2","0.0","","","","","","","","","","","","6.5","8.1","5.0"
"Brock Bowers","LV","TE","LAC","0.0","0.0","0.0","0.0","0.0","0.0","0.0","0.0","5.3","3.6","35.9","0.2","0.0","","","","","","","","","","","","6.7","8.5","4.9"
"Ty Chandler","MIN","RB","NYG","0.0","0.0","0.0","0.0","0.0","7.0","29.5","0.2","1.5","1.1","7.3","0.0","0.1","","","","","","","","","","","","5.7","6.3","5.1"
"Adonai Mitchell","IND","WR","HOU","0.0","0.0","0.0","0.0","0.0","0.0","0.0","0.0","4.7","2.8","36.7","0.2","0.0","","","","","","","","","","","","6.4","7.8","5.0"
"Antonio Gibson","NE","RB","CIN","0.0","0.0","0.0","0.0","0.0","5.0","20.0","0.1","3.1","2.1","13.2","0.1","0.1","","","","","","","","","","","","5.6","6.7","4.6"
"Kyler Murray","ARI","QB","BUF","22.1","33.7","227.8","1.3","0.8","5.7","32.1","0.3","0.0","0.0","0.0","0.0","0.3","","","","","","","","","","","","18.2","18.2","18.2"
"Jordan Love","GB","QB","PHI","22.4","34.8","253.9","1.8","0.7","2.5","8.5","0.1","0.0","0.0","0.0","0.0","0.3","0.0","0.0","0.0","0.0","0.0","0.0","0.00","0.0","0.0","0.0","0.0","18.2","18.2","18.2"
"Trevor Lawrence","JAC","QB","MIA","22.6","34.9","249.1","1.6","0.8","4.2","17.3","0.2","0.0","0.0","0.0","0.0","0.2","","","","","","","","","","","","18.2","18.2","18.2"
"Keon Coleman","BUF","WR","ARI","0.0","0.0","0.0","0.0","0.0","0.2","1.4","0.0","3.9","2.6","32.3","0.3","0.0","","","","","","","","","","","","6.4","7.7","5.1"
"Joe Burrow","CIN","QB","NE","23.3","34.4","249.1","1.7","0.6","3.4","9.8","0.2","0.0","0.0","0.0","0.0","0.2","","","","","","","","","","","","18.1","18.1","18.1"
"Caleb Williams","CHI","QB","TEN","21.7","34.7","237.9","1.6","0.7","4.3","19.2","0.2","0.0","0.0","0.0","0.0","0.2","","","","","","","","","","","","18.1","18.1","18.1"
"Jayden Daniels","WAS","QB","TB","20.0","32.4","213.1","1.1","0.8","7.6","41.7","0.4","0.0","0.0","0.0","0.0","0.2","","","","","","","","","","","","18.1","18.1","18.1"
"Jared Goff","DET","QB","LA","23.1","33.0","264.4","1.8","0.5","1.4","1.8","0.1","0.0","0.0","0.0","0.0","0.2","","","","","","","","","","","","18.1","18.1","18.1"
"Mike Williams","NYJ","WR","SF","0.0","0.0","0.0","0.0","0.0","0.0","0.0","0.0","4.4","2.7","31.1","0.3","0.0","","","","","","","","","","","","6.1","7.5","4.8"
"Wan'Dale Robinson","NYG","WR","MIN","0.0","0.0","0.0","0.0","0.0","0.5","2.8","0.0","5.3","3.6","28.8","0.2","0.0","","","","","","","","","","","","6.1","7.9","4.3"
"Ka'imi Fairbairn","HOU","K","IND","0.0","0.0","0.0","0.0","0.0","0.0","0.0","0.0","0.0","0.0","0.0","0.0","0.0","1.7","1.0","0.5","0.2","2.9","","","","","","","8.9","8.9","8.9"
"Blake Corum","LA","RB","DET","0.0","0.0","0.0","0.0","0.0","6.1","24.6","0.2","1.2","0.9","6.1","0.1","0.0","","","","","","","","","","","","5.3","5.8","4.8"
"Matthew Stafford","LA","QB","DET","23.8","35.8","277.0","1.8","0.8","0.2","0.2","0.1","0.0","0.0","0.0","0.0","0.2","","","","","","","","","","","","17.9","17.9","17.9"
"Tua Tagovailoa","MIA","QB","JAC","22.7","33.5","267.4","1.8","0.8","1.8","3.5","0.1","0.0","0.0","0.0","0.0","0.2","","","","","","","","","","","","17.8","17.8","17.8"
"Harrison Butker","KC","K","BAL","0.0","0.0","0.0","0.0","0.0","0.0","0.0","0.0","0.0","0.0","0.0","0.0","0.0","1.7","1.0","0.5","0.2","2.8","0.0","0.00","0.0","0.0","0.0","0.0","8.6","8.6","8.6"
"Cleveland Browns","CLE","DST","DAL","0.0","0.0","0.0","0.0","0.0","0.0","0.0","0.0","0.0","0.0","0.0","0.0","0.0","","","","","","2.6","0.50","0.9","0.2","22.3","340.4","6.7","6.7","6.7"
"Alec Pierce","IND","WR","HOU","0.0","0.0","0.0","0.0","0.0","0.0","0.0","0.0","4.4","2.4","33.0","0.2","0.0","","","","","","","","","","","","5.8","7.0","4.7"
"Younghoe Koo","ATL","K","PIT","0.0","0.0","0.0","0.0","0.0","0.0","0.0","0.0","0.0","0.0","0.0","0.0","0.0","1.7","1.1","0.5","0.2","2.5","","","","","","","8.6","8.6","8.6"
"Khalil Herbert","CHI","RB","TEN","0.0","0.0","0.0","0.0","0.0","8.0","28.2","0.2","0.8","0.6","4.1","0.0","0.1","","","","","","","","","","","","5.0","5.3","4.7"
"Baker Mayfield","TB","QB","WAS","22.0","33.6","251.3","1.7","0.8","3.0","8.6","0.2","0.0","0.0","0.0","0.0","0.3","","","","","","","","","","","","17.6","17.6","17.6"
"Evan McPherson","CIN","K","NE","0.0","0.0","0.0","0.0","0.0","0.0","0.0","0.0","0.0","0.0","0.0","0.0","0.0","1.7","1.0","0.5","0.2","2.6","","","","","","","8.5","8.5","8.5"
"Buffalo Bills","BUF","DST","ARI","0.0","0.0","0.0","0.0","0.0","0.0","0.0","0.0","0.0","0.0","0.0","0.0","0.0","","","","","","2.7","0.60","0.8","0.2","22.0","341.3","6.6","6.6","6.6"
"Jamaal Williams","NO","RB","CAR","0.0","0.0","0.0","0.0","0.0","6.0","24.4","0.2","1.1","0.8","4.4","0.0","0.1","","","","","","","","","","","","4.9","5.3","4.5"
"Chicago Bears","CHI","DST","TEN","0.0","0.0","0.0","0.0","0.0","0.0","0.0","0.0","0.0","0.0","0.0","0.0","0.0","","","","","","2.4","0.50","1.0","0.2","21.4","330.8","6.6","6.6","6.6"
"Spencer Shrader","IND","K","HOU","0.0","0.0","0.0","0.0","0.0","0.0","0.0","0.0","0.0","0.0","0.0","0.0","0.0","1.7","1.0","0.5","0.2","2.3","","","","","","","8.4","8.4","8.4"
"San Francisco 49ers","SF","DST","NYJ","0.0","0.0","0.0","0.0","0.0","0.0","0.0","0.0","0.0","0.0","0.0","0.0","0.0","","","","","","2.7","0.60","0.7","0.2","21.0","349.8","6.5","6.5","6.5"
"Michael Wilson","ARI","WR","BUF","0.0","0.0","0.0","0.0","0.0","0.0","0.0","0.0","4.4","2.6","29.9","0.2","0.0","","","","","","","","","","","","5.6","6.9","4.3"
"Dontayvion Wicks","GB","WR","PHI","0.0","0.0","0.0","0.0","0.0","0.0","0.0","0.0","3.9","2.5","30.4","0.2","0.0","0.0","0.0","0.0","0.0","0.0","0.0","0.00","0.0","0.0","0.0","0.0","5.6","6.8","4.3"
"Minnesota Vikings","MIN","DST","NYG","0.0","0.0","0.0","0.0","0.0","0.0","0.0","0.0","0.0","0.0","0.0","0.0","0.0","","","","","","2.6","0.60","0.7","0.2","21.1","329.1","6.4","6.4","6.4"
"Rashod Bateman","BAL","WR","KC","0.0","0.0","0.0","0.0","0.0","0.1","0.8","0.0","4.2","2.5","30.5","0.2","0.0","0.0","0.0","0.0","0.0","0.0","0.0","0.00","0.0","0.0","0.0","0.0","5.5","6.8","4.3"
"Cairo Santos","CHI","K","TEN","0.0","0.0","0.0","0.0","0.0","0.0","0.0","0.0","0.0","0.0","0.0","0.0","0.0","1.7","1.0","0.5","0.2","2.5","","","","","","","8.3","8.3","8.3"
"Josh Reynolds","DEN","WR","SEA","0.0","0.0","0.0","0.0","0.0","0.0","0.0","0.0","4.3","2.5","29.9","0.2","0.0","","","","","","","","","","","","5.5","6.8","4.3"
"Trey Benson","ARI","RB","BUF","0.0","0.0","0.0","0.0","0.0","4.7","20.1","0.2","1.5","1.2","8.0","0.1","0.0","","","","","","","","","","","","4.7","5.3","4.1"
"Cade Otton","TB","TE","WAS","0.0","0.0","0.0","0.0","0.0","0.0","0.0","0.0","3.9","2.8","26.9","0.3","0.0","","","","","","","","","","","","5.7","7.1","4.3"
"New Orleans Saints","NO","DST","CAR","0.0","0.0","0.0","0.0","0.0","0.0","0.0","0.0","0.0","0.0","0.0","0.0","0.0","","","","","","2.3","0.50","0.5","0.2","18.7","296.1","6.4","6.4","6.4"
"Jake Bates","DET","K","LA","0.0","0.0","0.0","0.0","0.0","0.0","0.0","0.0","0.0","0.0","0.0","0.0","0.0","1.5","1.0","0.4","0.1","3.0","","","","","","","8.2","8.2","8.2"
"Ja'Lynn Polk","NE","WR","CIN","0.0","0.0","0.0","0.0","0.0","0.0","0.0","0.0","4.6","2.6","30.8","0.2","0.0","","","","","","","","","","","","5.5","6.7","4.2"
"Demarcus Robinson","LA","WR","DET","0.0","0.0","0.0","0.0","0.0","0.0","0.0","0.0","3.7","2.4","29.6","0.2","0.0","","","","","","","","","","","","5.5","6.7","4.2"
"Jake Moody","SF","K","NYJ","0.0","0.0","0.0","0.0","0.0","0.0","0.0","0.0","0.0","0.0","0.0","0.0","0.0","1.6","0.9","0.5","0.2","2.5","","","","","","","8.2","8.2","8.2"
"Chase McLaughlin","TB","K","WAS","0.0","0.0","0.0","0.0","0.0","0.0","0.0","0.0","0.0","0.0","0.0","0.0","0.0","1.6","1.0","0.5","0.2","2.5","","","","","","","8.2","8.2","8.2"
"Jason Sanders","MIA","K","JAC","0.0","0.0","0.0","0.0","0.0","0.0","0.0","0.0","0.0","0.0","0.0","0.0","0.0","1.5","1.0","0.4","0.2","2.8","","","","","","","8.2","8.2","8.2"
"Chig Okonkwo","TEN","TE","CHI","0.0","0.0","0.0","0.0","0.0","0.0","0.0","0.0","4.1","2.9","29.4","0.2","0.0","","","","","","","","","","","","5.6","7.1","4.1"
"Tyler Conklin","NYJ","TE","SF","0.0","0.0","0.0","0.0","0.0","0.0","0.0","0.0","4.2","3.0","28.5","0.2","0.0","","","","","","","","","","","","5.6","7.1","4.1"
"Justice Hill","BAL","RB","KC","0.0","0.0","0.0","0.0","0.0","4.0","15.9","0.1","2.2","1.7","10.6","0.1","0.0","0.0","0.0","0.0","0.0","0.0","0.0","0.00","0.0","0.0","0.0","0.0","4.6","5.4","3.8"
"Tampa Bay Buccaneers","TB","DST","WAS","0.0","0.0","0.0","0.0","0.0","0.0","0.0","0.0","0.0","0.0","0.0","0.0","0.0","","","","","","2.4","0.60","0.8","0.2","22.5","327.1","6.3","6.3","6.3"
"Hunter Henry","NE","TE","CIN","0.0","0.0","0.0","0.0","0.0","0.0","0.0","0.0","4.6","2.9","30.1","0.2","0.0","","","","","","","","","","","","5.6","7.0","4.2"
"Justin Fields","PIT","QB","ATL","17.1","27.5","195.9","1.0","0.7","8.8","47.9","0.3","0.0","0.0","0.0","0.0","0.3","","","","","","","","","","","","17.2","17.2","17.2"
"Taysom Hill","NO","TE","CAR","0.0","0.0","0.0","0.0","0.0","3.6","17.5","0.2","2.4","1.5","8.7","0.1","0.0","","","","","","","","","","","","5.6","6.3","4.8"
"Miles Sanders","CAR","RB","NO","0.0","0.0","0.0","0.0","0.0","5.6","21.5","0.2","1.7","1.2","3.7","0.0","0.0","","","","","","","","","","","","4.5","5.1","3.9"
"Los Angeles Chargers","LAC","DST","LV","0.0","0.0","0.0","0.0","0.0","0.0","0.0","0.0","0.0","0.0","0.0","0.0","0.0","","","","","","2.2","0.60","0.8","0.2","21.2","310.2","6.2","6.2","6.2"
"Dallas Cowboys","DAL","DST","CLE","0.0","0.0","0.0","0.0","0.0","0.0","0.0","0.0","0.0","0.0","0.0","0.0","0.0","","","","","","2.4","0.50","0.8","0.2","21.5","326.4","6.2","6.2","6.2"
"Tyler Bass","BUF","K","ARI","0.0","0.0","0.0","0.0","0.0","0.0","0.0","0.0","0.0","0.0","0.0","0.0","0.0","1.5","1.0","0.4","0.1","3.0","","","","","","","8.1","8.1","8.1"
"Washington Commanders","WAS","DST","TB","0.0","0.0","0.0","0.0","0.0","0.0","0.0","0.0","0.0","0.0","0.0","0.0","0.0","","","","","","2.5","0.50","0.7","0.2","24.7","340.7","6.2","6.2","6.2"
"Jake Elliott","PHI","K","GB","0.0","0.0","0.0","0.0","0.0","0.0","0.0","0.0","0.0","0.0","0.0","0.0","0.0","1.6","0.9","0.5","0.2","2.6","0.0","0.00","0.0","0.0","0.0","0.0","8.1","8.1","8.1"
"Miami Dolphins","MIA","DST","JAC","0.0","0.0","0.0","0.0","0.0","0.0","0.0","0.0","0.0","0.0","0.0","0.0","0.0","","","","","","2.3","0.60","0.8","0.2","24.9","347.1","6.2","6.2","6.2"
"Justin Tucker","BAL","K","KC","0.0","0.0","0.0","0.0","0.0","0.0","0.0","0.0","0.0","0.0","0.0","0.0","0.0","1.6","1.0","0.5","0.2","2.3","0.0","0.00","0.0","0.0","0.0","0.0","8.1","8.1","8.1"
"Pat Freiermuth","PIT","TE","ATL","0.0","0.0","0.0","0.0","0.0","0.0","0.0","0.0","4.7","3.1","27.0","0.2","0.0","","","","","","","","","","","","5.5","7.0","4.0"
"Emanuel Wilson","GB","RB","PHI","0.0","0.0","0.0","0.0","0.0","3.9","16.5","0.1","2.0","1.5","11.0","0.1","0.0","0.0","0.0","0.0","0.0","0.0","0.0","0.00","0.0","0.0","0.0","0.0","4.5","5.2","3.7"
"Greg Dortch","ARI","WR","BUF","0.0","0.0","0.0","0.0","0.0","0.2","1.0","0.0","4.0","2.7","27.6","0.2","0.0","","","","","","","","","","","","5.3","6.7","4.0"
"Geno Smith","SEA","QB","DEN","21.6","32.9","241.0","1.5","0.6","3.0","10.8","0.2","0.0","0.0","0.0","0.0","0.2","","","","","","","","","","","","17.1","17.1","17.1"
"Luke Musgrave","GB","TE","PHI","0.0","0.0","0.0","0.0","0.0","0.0","0.0","0.0","4.1","2.8","26.9","0.2","0.0","0.0","0.0","0.0","0.0","0.0","0.0","0.00","0.0","0.0","0.0","0.0","5.5","6.9","4.1"
"Atlanta Falcons","ATL","DST","PIT","0.0","0.0","0.0","0.0","0.0","0.0","0.0","0.0","0.0","0.0","0.0","0.0","0.0","","","","","","2.4","0.60","0.7","0.2","21.0","336.0","6.2","6.2","6.2"
"Cameron Dicker","LAC","K","LV","0.0","0.0","0.0","0.0","0.0","0.0","0.0","0.0","0.0","0.0","0.0","0.0","0.0","1.6","1.0","0.4","0.2","2.4","","","","","","","8.0","8.0","8.0"
"Bucky Irving","TB","RB","WAS","0.0","0.0","0.0","0.0","0.0","5.6","21.2","0.2","1.3","1.0","6.3","0.0","0.0","","","","","","","","","","","","4.5","5.0","4.0"
"Houston Texans","HOU","DST","IND","0.0","0.0","0.0","0.0","0.0","0.0","0.0","0.0","0.0","0.0","0.0","0.0","0.0","","","","","","2.9","0.70","0.8","0.2","31.4","358.7","6.1","6.1","6.1"
"Jalen McMillan","TB","WR","WAS","0.0","0.0","0.0","0.0","0.0","0.0","0.0","0.0","3.8","2.5","28.7","0.2","0.0","","","","","","","","","","","","5.3","6.5","4.0"
"Colby Parkinson","LA","TE","DET","0.0","0.0","0.0","0.0","0.0","0.0","0.0","0.0","3.8","2.6","26.9","0.2","0.0","","","","","","","","","","","","5.4","6.7","4.1"
"Noah Fant","SEA","TE","DEN","0.0","0.0","0.0","0.0","0.0","0.0","0.0","0.0","3.5","2.7","28.5","0.2","0.0","","","","","","","","","","","","5.4","6.8","4.0"
"Kansas City Chiefs","KC","DST","BAL","0.0","0.0","0.0","0.0","0.0","0.0","0.0","0.0","0.0","0.0","0.0","0.0","0.0","0.0","0.0","0.0","0.0","0.0","2.6","0.60","0.5","0.2","23.5","356.2","6.1","6.1","6.1"
"Blake Grupe","NO","K","CAR","0.0","0.0","0.0","0.0","0.0","0.0","0.0","0.0","0.0","0.0","0.0","0.0","0.0","1.6","1.0","0.4","0.1","2.4","","","","","","","7.9","7.9","7.9"
"Baltimore Ravens","BAL","DST","KC","0.0","0.0","0.0","0.0","0.0","0.0","0.0","0.0","0.0","0.0","0.0","0.0","0.0","0.0","0.0","0.0","0.0","0.0","2.5","0.50","0.6","0.2","26.7","373.6","6.0","6.0","6.0"
"New York Jets","NYJ","DST","SF","0.0","0.0","0.0","0.0","0.0","0.0","0.0","0.0","0.0","0.0","0.0","0.0","0.0","","","","","","2.8","0.60","0.5","0.2","25.8","364.9","6.0","6.0","6.0"
"Cole Kmet","CHI","TE","TEN","0.0","0.0","0.0","0.0","0.0","0.0","0.0","0.0","3.7","2.6","24.1","0.3","0.0","","","","","","","","","","","","5.4","6.7","4.1"
"Philadelphia Eagles","PHI","DST","GB","0.0","0.0","0.0","0.0","0.0","0.0","0.0","0.0","0.0","0.0","0.0","0.0","0.0","0.0","0.0","0.0","0.0","0.0","2.6","0.50","0.6","0.2","23.4","348.3","6.0","6.0","6.0"
"Zach Ertz","WAS","TE","TB","0.0","0.0","0.0","0.0","0.0","0.0","0.0","0.0","4.6","3.1","25.8","0.2","0.0","","","","","","","","","","","","5.3","6.9","3.8"
"Jonnu Smith","MIA","TE","JAC","0.0","0.0","0.0","0.0","0.0","0.0","0.0","0.0","3.2","2.5","25.4","0.3","0.0","","","","","","","","","","","","5.3","6.6","4.1"
"Jason Myers","SEA","K","DEN","0.0","0.0","0.0","0.0","0.0","0.0","0.0","0.0","0.0","0.0","0.0","0.0","0.0","1.5","0.9","0.4","0.2","2.6","","","","","","","7.9","7.9","7.9"
"Tyler Boyd","TEN","WR","CHI","0.0","0.0","0.0","0.0","0.0","0.1","0.6","0.0","3.9","2.6","26.3","0.2","0.0","","","","","","","","","","","","5.1","6.4","3.8"
"Pittsburgh Steelers","PIT","DST","ATL","0.0","0.0","0.0","0.0","0.0","0.0","0.0","0.0","0.0","0.0","0.0","0.0","0.0","","","","","","2.5","0.50","0.6","0.2","25.5","354.4","6.0","6.0","6.0"
"Denver Broncos","DEN","DST","SEA","0.0","0.0","0.0","0.0","0.0","0.0","0.0","0.0","0.0","0.0","0.0","0.0","0.0","","","","","","2.5","0.50","0.6","0.2","24.4","343.7","6.0","6.0","6.0"
"Detroit Lions","DET","DST","LA","0.0","0.0","0.0","0.0","0.0","0.0","0.0","0.0","0.0","0.0","0.0","0.0","0.0","","","","","","2.2","0.50","0.8","0.2","25.0","373.1","6.0","6.0","6.0"
"Brandon Aubrey","DAL","K","CLE","0.0","0.0","0.0","0.0","0.0","0.0","0.0","0.0","0.0","0.0","0.0","0.0","0.0","1.6","1.0","0.4","0.2","2.1","","","","","","","7.8","7.8","7.8"
"Arizona Cardinals","ARI","DST","BUF","0.0","0.0","0.0","0.0","0.0","0.0","0.0","0.0","0.0","0.0","0.0","0.0","0.0","","","","","","2.4","0.60","0.6","0.2","27.7","373.8","5.9","5.9","5.9"
"Matt Gay","IND","K","HOU","0.0","0.0","0.0","0.0","0.0","0.0","0.0","0.0","0.0","0.0","0.0","0.0","0.0","1.5","0.9","0.4","0.2","2.3","","","","","","","7.8","7.8","7.8"
"Jacksonville Jaguars","JAC","DST","MIA","0.0","0.0","0.0","0.0","0.0","0.0","0.0","0.0","0.0","0.0","0.0","0.0","0.0","","","","","","2.2","0.60","0.7","0.2","26.8","392.0","5.8","5.8","5.8"
"Pierre Strong Jr.","CLE","RB","DAL","0.0","0.0","0.0","0.0","0.0","5.5","23.0","0.2","0.9","0.6","4.0","0.0","0.0","","","","","","","","","","","","4.2","4.5","3.9"
"Quentin Johnston","LAC","WR","LV","0.0","0.0","0.0","0.0","0.0","0.0","0.0","0.0","3.9","2.3","25.2","0.2","0.0","","","","","","","","","","","","4.9","6.1","3.8"
"Brayden Narveson","GB","K","PHI","0.0","0.0","0.0","0.0","0.0","0.0","0.0","0.0","0.0","0.0","0.0","0.0","0.0","1.4","0.8","0.4","0.2","2.5","0.0","0.00","0.0","0.0","0.0","0.0","7.7","7.7","7.7"
"Juwan Johnson","NO","TE","CAR","0.0","0.0","0.0","0.0","0.0","0.0","0.0","0.0","3.8","2.6","26.0","0.2","0.0","","","","","","","","","","","","5.1","6.4","3.8"
"New York Giants","NYG","DST","MIN","0.0","0.0","0.0","0.0","0.0","0.0","0.0","0.0","0.0","0.0","0.0","0.0","0.0","","","","","","2.1","0.50","0.7","0.2","21.7","330.6","5.8","5.8","5.8"
"Joshua Karty","LA","K","DET","0.0","0.0","0.0","0.0","0.0","0.0","0.0","0.0","0.0","0.0","0.0","0.0","0.0","1.4","0.9","0.4","0.1","2.7","","","","","","","7.6","7.6","7.6"
"Brock Purdy","SF","QB","NYJ","21.2","31.6","241.0","1.6","0.5","2.1","7.8","0.1","0.0","0.0","0.0","0.0","0.3","","","","","","","","","","","","16.7","16.7","16.7"
"New England Patriots","NE","DST","CIN","0.0","0.0","0.0","0.0","0.0","0.0","0.0","0.0","0.0","0.0","0.0","0.0","0.0","","","","","","2.2","0.50","0.6","0.2","25.5","341.3","5.7","5.7","5.7"
"Carolina Panthers","CAR","DST","NO","0.0","0.0","0.0","0.0","0.0","0.0","0.0","0.0","0.0","0.0","0.0","0.0","0.0","","","","","","2.1","0.50","0.6","0.2","24.4","325.9","5.7","5.7","5.7"
"Mike Gesicki","CIN","TE","NE","0.0","0.0","0.0","0.0","0.0","0.0","0.0","0.0","3.6","2.4","24.0","0.2","0.0","","","","","","","","","","","","5.0","6.2","3.8"
"Cam Little","JAC","K","MIA","0.0","0.0","0.0","0.0","0.0","0.0","0.0","0.0","0.0","0.0","0.0","0.0","0.0","1.4","0.9","0.4","0.1","2.5","","","","","","","7.5","7.5","7.5"
"Deshaun Watson","CLE","QB","DAL","19.7","32.9","219.0","1.3","0.8","4.4","22.5","0.2","0.0","0.0","0.0","0.0","0.2","","","","","","","","","","","","16.6","16.6","16.6"
"Dak Prescott","DAL","QB","CLE","23.2","35.9","249.1","1.4","0.9","3.2","12.8","0.2","0.0","0.0","0.0","0.0","0.2","","","","","","","","","","","","16.6","16.6","16.6"
"Nick Folk","TEN","K","CHI","0.0","0.0","0.0","0.0","0.0","0.0","0.0","0.0","0.0","0.0","0.0","0.0","0.0","1.6","1.0","0.4","0.2","2.0","","","","","","","7.5","7.5","7.5"
"Ray Davis","BUF","RB","ARI","0.0","0.0","0.0","0.0","0.0","4.4","18.2","0.1","1.0","0.8","6.0","0.0","0.0","","","","","","","","","","","","3.9","4.3","3.5"
"Green Bay Packers","GB","DST","PHI","0.0","0.0","0.0","0.0","0.0","0.0","0.0","0.0","0.0","0.0","0.0","0.0","0.0","0.0","0.0","0.0","0.0","0.0","2.4","0.50","0.5","0.2","25.0","373.4","5.6","5.6","5.6"
"Tennessee Titans","TEN","DST","CHI","0.0","0.0","0.0","0.0","0.0","0.0","0.0","0.0","0.0","0.0","0.0","0.0","0.0","","","","","","2.1","0.50","0.7","0.2","25.4","350.3","5.6","5.6","5.6"
"Daniel Carlson","LV","K","LAC","0.0","0.0","0.0","0.0","0.0","0.0","0.0","0.0","0.0","0.0","0.0","0.0","0.0","1.5","0.9","0.4","0.2","2.0","","","","","","","7.5","7.5","7.5"
"Samaje Perine","KC","RB","BAL","0.0","0.0","0.0","0.0","0.0","2.0","8.4","0.1","3.1","2.5","8.5","0.1","0.0","0.0","0.0","0.0","0.0","0.0","0.0","0.00","0.0","0.0","0.0","0.0","3.9","5.1","2.6"
"Indianapolis Colts","IND","DST","HOU","0.0","0.0","0.0","0.0","0.0","0.0","0.0","0.0","0.0","0.0","0.0","0.0","0.0","","","","","","2.3","0.50","0.5","0.2","27.4","375.2","5.5","5.5","5.5"
"Justin Herbert","LAC","QB","LV","21.2","31.4","228.0","1.4","0.5","3.5","13.1","0.2","0.0","0.0","0.0","0.0","0.2","","","","","","","","","","","","16.5","16.5","16.5"
"Daniel Jones","NYG","QB","MIN","21.0","31.7","214.7","1.1","0.7","6.1","29.0","0.3","0.0","0.0","0.0","0.0","0.3","","","","","","","","","","","","16.5","16.5","16.5"
"Will Reichard","MIN","K","NYG","0.0","0.0","0.0","0.0","0.0","0.0","0.0","0.0","0.0","0.0","0.0","0.0","0.0","1.5","1.0","0.4","0.1","2.1","","","","","","","7.4","7.4","7.4"
"Chris Boswell","PIT","K","ATL","0.0","0.0","0.0","0.0","0.0","0.0","0.0","0.0","0.0","0.0","0.0","0.0","0.0","1.5","0.9","0.4","0.2","1.9","","","","","","","7.3","7.3","7.3"
"Las Vegas Raiders","LV","DST","LAC","0.0","0.0","0.0","0.0","0.0","0.0","0.0","0.0","0.0","0.0","0.0","0.0","0.0","","","","","","2.1","0.50","0.5","0.2","23.2","343.5","5.4","5.4","5.4"
"Greg Zuerlein","NYJ","K","SF","0.0","0.0","0.0","0.0","0.0","0.0","0.0","0.0","0.0","0.0","0.0","0.0","0.0","1.4","0.8","0.4","0.2","2.1","","","","","","","7.3","7.3","7.3"
"K.J. Osborn","NE","WR","CIN","0.0","0.0","0.0","0.0","0.0","0.0","0.0","0.0","3.9","2.1","24.9","0.2","0.0","","","","","","","","","","","","4.5","5.5","3.4"
"Darius Slayton","NYG","WR","MIN","0.0","0.0","0.0","0.0","0.0","0.0","0.0","0.0","3.4","1.9","24.5","0.2","0.0","","","","","","","","","","","","4.4","5.4","3.4"
"Alexander Mattison","LV","RB","LAC","0.0","0.0","0.0","0.0","0.0","4.5","17.0","0.1","1.0","0.7","5.0","0.0","0.0","","","","","","","","","","","","3.6","3.9","3.2"
"Roschon Johnson","CHI","RB","TEN","0.0","0.0","0.0","0.0","0.0","3.2","14.0","0.1","1.3","1.0","7.0","0.1","0.0","","","","","","","","","","","","3.6","4.1","3.1"
"Jalin Hyatt","NYG","WR","MIN","0.0","0.0","0.0","0.0","0.0","0.0","0.0","0.0","4.0","2.0","22.9","0.2","0.0","","","","","","","","","","","","4.4","5.4","3.4"
"Dustin Hopkins","CLE","K","DAL","0.0","0.0","0.0","0.0","0.0","0.0","0.0","0.0","0.0","0.0","0.0","0.0","0.0","1.4","0.9","0.4","0.1","2.2","","","","","","","7.1","7.1","7.1"
"Graham Gano","NYG","K","MIN","0.0","0.0","0.0","0.0","0.0","0.0","0.0","0.0","0.0","0.0","0.0","0.0","0.0","1.5","0.9","0.4","0.2","2.0","","","","","","","7.1","7.1","7.1"
"Trenton Irwin","CIN","WR","NE","0.0","0.0","0.0","0.0","0.0","0.0","0.0","0.0","2.8","1.8","23.0","0.2","0.0","","","","","","","","","","","","4.3","5.2","3.4"
"Kylen Granson","IND","TE","HOU","0.0","0.0","0.0","0.0","0.0","0.0","0.0","0.0","2.8","2.0","20.3","0.2","0.0","","","","","","","","","","","","4.5","5.5","3.5"
"Johnny Mundt","MIN","TE","NYG","0.0","0.0","0.0","0.0","0.0","0.0","0.0","0.0","3.8","2.6","22.2","0.2","0.0","","","","","","","","","","","","4.4","5.7","3.1"
"Kirk Cousins","ATL","QB","PIT","22.3","34.4","245.4","1.6","0.7","1.4","3.6","0.1","0.0","0.0","0.0","0.0","0.2","","","","","","","","","","","","16.0","16.0","16.0"
"Kimani Vidal","LAC","RB","LV","0.0","0.0","0.0","0.0","0.0","3.3","14.0","0.1","1.5","1.2","8.0","0.0","0.0","","","","","","","","","","","","3.4","4.0","2.8"
"Hayden Hurst","LAC","TE","LV","0.0","0.0","0.0","0.0","0.0","0.0","0.0","0.0","3.4","2.4","20.2","0.2","0.0","","","","","","","","","","","","4.4","5.6","3.2"
"Braelon Allen","NYJ","RB","SF","0.0","0.0","0.0","0.0","0.0","4.5","19.0","0.1","0.8","0.6","4.0","0.0","0.0","","","","","","","","","","","","3.4","3.7","3.1"
"Kalif Raymond","DET","WR","LA","0.0","0.0","0.0","0.0","0.0","0.3","1.7","0.0","2.5","1.7","19.0","0.2","0.0","","","","","","","","","","","","4.1","5.0","3.3"
"Noah Brown","WAS","WR","TB","0.0","0.0","0.0","0.0","0.0","0.0","0.0","0.0","2.9","1.8","23.0","0.1","0.0","","","","","","","","","","","","4.1","5.0","3.2"
"Ja'Tavion Sanders","CAR","TE","NO","0.0","0.0","0.0","0.0","0.0","0.0","0.0","0.0","4.1","2.5","21.4","0.2","0.0","","","","","","","","","","","","4.3","5.5","3.0"
"Jalen Tolbert","DAL","WR","CLE","0.0","0.0","0.0","0.0","0.0","0.0","0.0","0.0","3.0","1.8","20.6","0.2","0.0","","","","","","","","","","","","4.0","5.0","3.1"
"Jauan Jennings","SF","WR","NYJ","0.0","0.0","0.0","0.0","0.0","0.0","0.0","0.0","2.6","1.7","18.6","0.2","0.0","","","","","","","","","","","","4.0","4.9","3.1"
"Elijah Moore","CLE","WR","DAL","0.0","0.0","0.0","0.0","0.0","0.0","0.0","0.0","3.0","1.8","19.9","0.2","0.0","","","","","","","","","","","","4.0","4.9","3.1"
"Cade York","WAS","K","TB","0.0","0.0","0.0","0.0","0.0","0.0","0.0","0.0","0.0","0.0","0.0","0.0","0.0","1.4","0.9","0.4","0.1","2.1","","","","","","","6.8","6.8","6.8"
"Will Dissly","LAC","TE","LV","0.0","0.0","0.0","0.0","0.0","0.0","0.0","0.0","3.1","2.2","18.8","0.2","0.0","","","","","","","","","","","","4.2","5.3","3.1"
"Calvin Austin III","PIT","WR","ATL","0.0","0.0","0.0","0.0","0.0","0.3","1.5","0.0","2.9","1.8","23.0","0.1","0.0","","","","","","","","","","","","4.0","4.9","3.1"
"Tank Bigsby","JAC","RB","MIA","0.0","0.0","0.0","0.0","0.0","4.3","16.6","0.1","0.5","0.4","3.0","0.0","0.0","","","","","","","","","","","","3.2","3.4","3.0"
"Tyrone Tracy","NYG","RB","MIN","0.0","0.0","0.0","0.0","0.0","4.2","17.0","0.1","0.0","0.6","4.0","0.0","0.0","","","","","","","","","","","","3.2","3.5","2.9"
"Matt Prater","ARI","K","BUF","0.0","0.0","0.0","0.0","0.0","0.0","0.0","0.0","0.0","0.0","0.0","0.0","0.0","1.3","0.8","0.4","0.2","2.2","","","","","","","6.7","6.7","6.7"
"Jordan Mason","SF","RB","NYJ","0.0","0.0","0.0","0.0","0.0","4.3","19.0","0.1","0.5","0.4","3.0","0.0","0.0","","","","","","","","","","","","3.1","3.3","2.9"
"Cam Akers","HOU","RB","IND","0.0","0.0","0.0","0.0","0.0","3.0","12.0","0.2","0.8","0.6","4.0","0.1","0.0","","","","","","","","","","","","3.1","3.4","2.8"
"Audric Estime","DEN","RB","SEA","0.0","0.0","0.0","0.0","0.0","3.3","14.0","0.1","1.2","0.8","6.0","0.0","0.0","","","","","","","","","","","","3.1","3.5","2.7"
"Greg Dulcich","DEN","TE","SEA","0.0","0.0","0.0","0.0","0.0","0.0","0.0","0.0","3.2","2.1","20.2","0.2","0.0","","","","","","","","","","","","4.1","5.2","3.1"
"D'Onta Foreman","CLE","RB","DAL","0.0","0.0","0.0","0.0","0.0","3.5","14.0","0.1","0.7","0.5","4.0","0.0","0.0","","","","","","","","","","","","3.1","3.3","2.8"
"Van Jefferson","PIT","WR","ATL","0.0","0.0","0.0","0.0","0.0","0.0","0.0","0.0","3.0","1.7","19.5","0.2","0.0","","","","","","","","","","","","3.9","4.7","3.0"
"Kenneth Gainwell","PHI","RB","GB","0.0","0.0","0.0","0.0","0.0","3.8","12.9","0.1","1.0","0.7","5.7","0.0","0.0","0.0","0.0","0.0","0.0","0.0","0.0","0.00","0.0","0.0","0.0","0.0","3.0","3.4","2.7"
"Tre Tucker","LV","WR","LAC","0.0","0.0","0.0","0.0","0.0","0.8","4.9","0.0","2.4","1.5","17.4","0.1","0.0","","","","","","","","","","","","3.8","4.6","3.1"
"Wil Lutz","DEN","K","SEA","0.0","0.0","0.0","0.0","0.0","0.0","0.0","0.0","0.0","0.0","0.0","0.0","0.0","1.4","0.9","0.4","0.1","1.8","","","","","","","6.6","6.6","6.6"
"Nelson Agholor","BAL","WR","KC","0.0","","","","","","","0.0","3.1","1.8","19.2","0.2","0.0","0.0","0.0","0.0","0.0","0.0","0.0","0.00","0.0","0.0","0.0","0.0","3.8","4.7","2.9"
"Marvin Mims Jr.","DEN","WR","SEA","0.0","0.0","0.0","0.0","0.0","0.5","2.3","0.0","3.6","2.0","16.8","0.1","0.0","","","","","","","","","","","","3.8","4.8","2.8"
"Cedrick Wilson","NO","WR","CAR","0.0","0.0","0.0","0.0","0.0","0.0","0.0","0.0","2.8","1.7","19.3","0.2","0.0","","","","","","","","","","","","3.8","4.7","2.9"
"Sam Darnold","MIN","QB","NYG","20.4","33.4","230.8","1.2","0.7","3.2","11.7","0.2","0.0","0.0","0.0","0.0","0.2","","","","","","","","","","","","15.6","15.6","15.6"
"Isaiah Likely","BAL","TE","KC","0.0","0.0","0.0","0.0","0.0","0.0","0.0","0.0","3.0","1.9","20.1","0.2","0.0","0.0","0.0","0.0","0.0","0.0","0.0","0.00","0.0","0.0","0.0","0.0","3.9","4.8","3.0"
"Jahan Dotson","PHI","WR","GB","0.0","0.0","0.0","0.0","0.0","0.0","0.0","0.0","2.9","1.7","18.3","0.2","0.0","0.0","0.0","0.0","0.0","0.0","0.0","0.00","0.0","0.0","0.0","0.0","3.7","4.5","2.8"
"Ray-Ray McCloud","ATL","WR","PIT","0.0","0.0","0.0","0.0","0.0","0.2","1.0","0.0","2.5","1.6","15.3","0.2","0.0","","","","","","","","","","","","3.6","4.4","2.8"
"Jonathan Mingo","CAR","WR","NO","0.0","0.0","0.0","0.0","0.0","0.1","0.5","0.0","3.3","1.7","17.6","0.1","0.0","","","","","","","","","","","","3.5","4.4","2.7"
"Israel Abanikanda","NYJ","RB","SF","0.0","0.0","0.0","0.0","0.0","4.8","15.7","0.0","1.2","0.8","4.8","0.0","0.0","","","","","","","","","","","","2.7","3.1","2.3"
"Eddy Pineiro","CAR","K","NO","0.0","0.0","0.0","0.0","0.0","0.0","0.0","0.0","0.0","0.0","0.0","0.0","0.0","1.3","0.9","0.4","0.1","1.6","","","","","","","6.3","6.3","6.3"
"Jermaine Burton","CIN","WR","NE","0.0","0.0","0.0","0.0","0.0","0.0","0.0","0.0","2.2","1.4","18.0","0.2","0.0","","","","","","","","","","","","3.5","4.2","2.8"
"Jalen Nailor","MIN","WR","NYG","0.0","0.0","0.0","0.0","0.0","0.0","0.0","0.0","2.1","1.7","17.5","0.2","0.0","","","","","","","","","","","","3.5","4.3","2.7"
"Dyami Brown","WAS","WR","TB","0.0","0.0","0.0","0.0","0.0","0.0","0.0","0.0","2.5","1.5","15.9","0.2","0.0","","","","","","","","","","","","3.5","4.2","2.7"
"Jaylen Wright","MIA","RB","JAC","0.0","0.0","0.0","0.0","0.0","2.8","11.6","0.1","0.8","0.6","5.3","0.0","0.0","","","","","","","","","","","","2.7","3.0","2.3"
"Dameon Pierce","HOU","RB","IND","0.0","0.0","0.0","0.0","0.0","3.0","12.0","0.1","1.0","0.7","5.0","0.0","0.0","","","","","","","","","","","","2.6","3.0","2.3"
"Dawson Knox","BUF","TE","ARI","0.0","0.0","0.0","0.0","0.0","0.0","0.0","0.0","2.6","1.8","14.8","0.2","0.0","","","","","","","","","","","","3.6","4.5","2.7"
"Olamide Zaccheaus","WAS","WR","TB","0.0","0.0","0.0","0.0","0.0","0.0","0.0","0.0","3.0","1.7","17.8","0.1","0.0","","","","","","","","","","","","3.4","4.3","2.6"
"Justin Watson","KC","WR","BAL","0.0","0.0","0.0","0.0","0.0","0.0","0.0","0.0","2.1","1.3","17.6","0.2","0.0","0.0","0.0","0.0","0.0","0.0","0.0","0.00","0.0","0.0","0.0","0.0","3.4","4.1","2.7"
"Aaron Rodgers","NYJ","QB","SF","22.5","34.2","239.4","1.4","0.7","2.2","3.6","0.1","0.0","0.0","0.0","0.0","0.2","","","","","","","","","","","","15.2","15.2","15.2"
"Michael Mayer","LV","TE","LAC","0.0","0.0","0.0","0.0","0.0","0.0","0.0","0.0","2.8","1.8","16.7","0.2","0.0","","","","","","","","","","","","3.6","4.5","2.7"
"Theo Johnson","NYG","TE","MIN","0.0","0.0","0.0","0.0","0.0","0.0","0.0","0.0","2.8","1.8","17.9","0.1","0.0","","","","","","","","","","","","3.5","4.4","2.6"
"Xavier Legette","CAR","WR","NO","0.0","0.0","0.0","0.0","0.0","0.0","0.0","0.0","2.9","1.6","15.8","0.2","0.0","","","","","","","","","","","","3.3","4.1","2.5"
"Xavier Gipson","NYJ","WR","SF","0.0","0.0","0.0","0.0","0.0","0.2","1.1","0.0","2.2","1.3","17.0","0.1","0.0","","","","","","","","","","","","3.3","3.9","2.6"
"Tucker Kraft","GB","TE","PHI","0.0","0.0","0.0","0.0","0.0","0.0","0.0","0.0","2.4","1.7","14.6","0.2","0.0","0.0","0.0","0.0","0.0","0.0","0.0","0.00","0.0","0.0","0.0","0.0","3.5","4.3","2.6"
"Joey Slye","NE","K","CIN","0.0","0.0","0.0","0.0","0.0","0.0","0.0","0.0","0.0","0.0","0.0","0.0","0.0","1.3","0.8","0.4","0.1","1.4","","","","","","","6.0","6.0","6.0"
"Will Levis","TEN","QB","CHI","22.0","34.8","240.7","1.2","1.0","2.9","8.9","0.2","0.0","0.0","0.0","0.0","0.2","","","","","","","","","","","","15.0","15.0","15.0"
"Allen Lazard","NYJ","WR","SF","0.0","0.0","0.0","0.0","0.0","0.0","0.0","0.0","2.5","1.3","17.0","0.1","0.0","","","","","","","","","","","","3.2","3.8","2.5"
"Braxton Berrios","MIA","WR","JAC","0.0","0.0","0.0","0.0","0.0","0.0","0.0","0.0","2.0","1.4","14.6","0.2","0.0","","","","","","","","","","","","3.1","3.8","2.4"
"Luke McCaffrey","WAS","WR","TB","0.0","0.0","0.0","0.0","0.0","0.0","0.0","0.0","0.0","1.3","16.0","0.1","0.0","","","","","","","","","","","","3.1","3.7","2.4"
"Cordarrelle Patterson","PIT","RB","ATL","0.0","0.0","0.0","0.0","0.0","1.3","5.0","0.1","1.1","0.8","6.0","0.1","0.0","","","","","","","","","","","","2.3","2.7","1.9"
"Derek Carr","NO","QB","CAR","21.6","32.7","228.4","1.4","0.6","2.2","2.6","0.1","0.0","0.0","0.0","0.0","0.2","","","","","","","","","","","","14.9","14.9","14.9"
"Gerald Everett","CHI","TE","TEN","0.0","0.0","0.0","0.0","0.0","0.0","0.0","0.0","2.3","1.6","13.6","0.2","0.0","","","","","","","","","","","","3.2","4.0","2.4"
"Ben Sinnott","WAS","TE","TB","0.0","0.0","0.0","0.0","0.0","0.0","0.0","0.0","2.6","1.7","17.0","0.1","0.0","","","","","","","","","","","","3.1","4.0","2.3"
"Carson Steele","KC","RB","BAL","0.0","0.0","0.0","0.0","0.0","1.7","6.0","0.1","0.6","0.5","4.0","0.1","0.0","0.0","0.0","0.0","0.0","0.0","0.0","0.00","0.0","0.0","0.0","0.0","2.1","2.4","1.9"
"Treylon Burks","TEN","WR","CHI","0.0","0.0","0.0","0.0","0.0","0.2","1.0","0.0","1.9","1.1","14.0","0.1","0.0","","","","","","","","","","","","2.9","3.5","2.4"
"Eric Gray","NYG","RB","MIN","0.0","0.0","0.0","0.0","0.0","2.8","10.0","0.1","0.5","0.4","3.0","0.0","0.0","","","","","","","","","","","","2.1","2.3","1.9"
"Trey Palmer","TB","WR","WAS","0.0","0.0","0.0","0.0","0.0","0.0","0.0","0.0","2.1","1.3","11.7","0.2","0.0","","","","","","","","","","","","2.9","3.5","2.2"
"Trey Sermon","IND","RB","HOU","0.0","0.0","0.0","0.0","0.0","2.3","9.0","0.1","0.6","0.4","3.0","0.0","0.0","","","","","","","","","","","","2.0","2.2","1.8"
"Ty Johnson","BUF","RB","ARI","0.0","0.0","0.0","0.0","0.0","1.5","6.0","0.1","0.6","0.5","4.0","0.0","0.0","","","","","","","","","","","","2.0","2.2","1.7"
"Malachi Corley","NYJ","WR","SF","0.0","0.0","0.0","0.0","0.0","0.2","1.1","0.0","1.7","1.1","14.0","0.1","0.0","","","","","","","","","","","","2.7","3.3","2.2"
"A.T. Perry","NO","WR","CAR","0.0","0.0","0.0","0.0","0.0","0.0","0.0","0.0","1.8","1.0","13.0","0.2","0.0","","","","","","","","","","","","2.7","3.2","2.2"
"Mack Hollins","BUF","WR","ARI","0.0","0.0","0.0","0.0","0.0","0.0","0.0","0.0","1.5","1.0","14.0","0.1","0.0","","","","","","","","","","","","2.7","3.2","2.2"
"Troy Franklin","DEN","WR","SEA","0.0","0.0","0.0","0.0","0.0","0.0","0.0","0.0","2.0","1.1","15.0","0.1","0.0","","","","","","","","","","","","2.7","3.2","2.1"
"Will Shipley","PHI","RB","GB","0.0","0.0","0.0","0.0","0.0","2.0","8.0","0.0","0.6","0.5","4.0","0.0","0.0","0.0","0.0","0.0","0.0","0.0","0.0","0.00","0.0","0.0","0.0","0.0","1.8","2.1","1.6"
"Noah Gray","KC","TE","BAL","0.0","0.0","0.0","0.0","0.0","0.0","0.0","0.0","2.1","1.5","13.7","0.1","0.0","0.0","0.0","0.0","0.0","0.0","0.0","0.00","0.0","0.0","0.0","0.0","2.8","3.5","2.0"
"Bo Nix","DEN","QB","SEA","19.3","31.0","203.7","1.1","0.8","4.6","20.8","0.2","0.0","0.0","0.0","0.0","0.2","","","","","","","","","","","","14.4","14.4","14.4"
"Daniel Bellinger","NYG","TE","MIN","0.0","0.0","0.0","0.0","0.0","0.0","0.0","0.0","2.5","1.5","11.7","0.1","0.0","","","","","","","","","","","","2.8","3.5","2.0"
"Gardner Minshew","LV","QB","LAC","20.2","31.7","220.5","1.2","0.7","3.3","7.4","0.1","0.0","0.0","0.0","0.0","0.2","","","","","","","","","","","","14.3","14.3","14.3"
"Jake Bobo","SEA","WR","DEN","0.0","0.0","0.0","0.0","0.0","0.1","0.6","0.0","1.4","0.9","11.0","0.1","0.0","","","","","","","","","","","","2.5","3.0","2.1"
"D'Ernest Johnson","JAC","RB","MIA","0.0","0.0","0.0","0.0","0.0","1.8","7.0","0.1","0.5","0.4","3.0","0.0","0.0","","","","","","","","","","","","1.7","1.9","1.5"
"Deuce Vaughn","DAL","RB","CLE","0.0","0.0","0.0","0.0","0.0","1.0","4.0","0.0","1.0","0.7","5.0","0.0","0.0","","","","","","","","","","","","1.7","2.0","1.3"
"Tanner Hudson","CIN","TE","NE","0.0","0.0","0.0","0.0","0.0","0.0","0.0","0.0","1.9","1.4","13.0","0.1","0.0","","","","","","","","","","","","2.7","3.4","2.0"
"Tutu Atwell","LA","WR","DET","0.0","0.0","0.0","0.0","0.0","0.2","1.1","0.0","1.5","0.9","12.0","0.1","0.0","","","","","","","","","","","","2.4","2.8","1.9"
"Avery Williams","ATL","RB","PIT","0.0","0.0","0.0","0.0","0.0","2.2","8.8","0.1","0.3","0.2","1.0","0.0","0.0","","","","","","","","","","","","1.6","1.7","1.5"
"Tyquan Thornton","NE","WR","CIN","0.0","0.0","0.0","0.0","0.0","0.0","0.0","0.0","2.1","1.0","11.9","0.1","0.0","","","","","","","","","","","","2.4","2.9","1.9"
"Isaac Guerendo","SF","RB","NYJ","0.0","0.0","0.0","0.0","0.0","1.3","6.0","0.1","0.0","0.2","2.0","0.0","0.0","","","","","","","","","","","","1.5","1.6","1.4"
"Derius Davis","LAC","WR","LV","0.0","0.0","0.0","0.0","0.0","1.0","5.5","0.1","1.3","0.8","6.0","0.1","0.0","","","","","","","","","","","","2.3","2.7","1.9"
"Austin Hooper","NE","TE","CIN","0.0","0.0","0.0","0.0","0.0","0.0","0.0","0.0","2.2","1.3","11.6","0.1","0.0","","","","","","","","","","","","2.4","3.1","1.8"
"Ameer Abdullah","LV","RB","LAC","0.0","0.0","0.0","0.0","0.0","0.3","1.0","0.0","0.7","0.5","4.0","0.1","0.0","","","","","","","","","","","","1.4","1.6","1.1"
"Emari Demercado","ARI","RB","BUF","0.0","0.0","0.0","0.0","0.0","0.6","3.0","0.0","0.7","0.5","3.0","0.0","0.0","","","","","","","","","","","","1.3","1.6","1.1"
"Raheem Blackshear","CAR","RB","NO","0.0","0.0","0.0","0.0","0.0","1.5","6.0","0.1","0.1","0.1","1.0","0.0","0.0","","","","","","","","","","","","1.3","1.3","1.2"
"Tyler Goodson","IND","RB","HOU","0.0","0.0","0.0","0.0","0.0","0.8","3.0","0.0","0.8","0.6","4.0","0.0","0.0","","","","","","","","","","","","1.3","1.6","1.0"
"Brevin Jordan","HOU","TE","IND","0.0","0.0","0.0","0.0","0.0","0.0","0.0","0.0","1.1","0.8","8.6","0.2","0.0","","","","","","","","","","","","2.3","2.7","1.9"
"Dylan Laube","LV","RB","LAC","0.0","0.0","0.0","0.0","0.0","0.6","2.0","0.1","0.4","0.3","2.0","0.1","0.0","","","","","","","","","","","","1.2","1.4","1.1"
"Mecole Hardman","KC","WR","BAL","0.0","0.0","0.0","0.0","0.0","0.1","0.5","0.0","1.7","1.0","8.0","0.1","0.0","0.0","0.0","0.0","0.0","0.0","0.0","0.00","0.0","0.0","0.0","0.0","2.0","2.5","1.5"
"Brandon Powell","MIN","WR","NYG","0.0","0.0","0.0","0.0","0.0","0.2","0.9","0.0","1.3","0.8","9.0","0.1","0.0","","","","","","","","","","","","2.0","2.4","1.6"
"Isaiah Davis","NYJ","RB","SF","0.0","0.0","0.0","0.0","0.0","1.0","4.0","0.0","0.0","0.3","2.0","0.0","0.0","","","","","","","","","","","","1.2","1.3","1.0"
"Josh Whyle","TEN","TE","CHI","0.0","0.0","0.0","0.0","0.0","0.0","0.0","0.0","1.5","1.0","11.0","0.1","0.0","","","","","","","","","","","","2.2","2.7","1.7"
"Adam Trautman","DEN","TE","SEA","0.0","0.0","0.0","0.0","0.0","0.0","0.0","0.0","1.5","1.0","8.5","0.1","0.0","","","","","","","","","","","","2.2","2.7","1.7"
"Josh Oliver","MIN","TE","NYG","0.0","0.0","0.0","0.0","0.0","0.0","0.0","0.0","1.5","1.0","8.7","0.1","0.0","","","","","","","","","","","","2.2","2.7","1.7"
"Drew Sample","CIN","TE","NE","0.0","0.0","0.0","0.0","0.0","0.0","0.0","0.0","1.6","1.1","10.0","0.1","0.0","","","","","","","","","","","","2.2","2.7","1.6"
"KhaDarel Hodge","ATL","WR","PIT","0.0","0.0","0.0","0.0","0.0","0.0","0.0","0.0","0.9","0.7","9.0","0.1","0.0","","","","","","","","","","","","1.9","2.3","1.6"
"Jeremy Ruckert","NYJ","TE","SF","0.0","0.0","0.0","0.0","0.0","0.0","0.0","0.0","1.7","1.1","10.0","0.1","0.0","","","","","","","","","","","","2.1","2.7","1.6"
"Robert Woods","HOU","WR","IND","0.0","0.0","0.0","0.0","0.0","0.0","0.0","0.0","1.2","0.8","9.0","0.1","0.0","","","","","","","","","","","","1.9","2.3","1.5"
"Alec Ingold","MIA","RB","JAC","0.0","0.0","0.0","0.0","0.0","0.2","1.0","0.0","0.0","0.5","4.0","0.0","0.0","","","","","","","","","","","","1.1","1.3","0.8"
"Brock Wright","DET","TE","LA","0.0","0.0","0.0","0.0","0.0","0.0","0.0","0.0","1.2","0.9","8.0","0.1","0.0","","","","","","","","","","","","2.1","2.5","1.6"
"Ronnie Rivers","LA","RB","DET","0.0","0.0","0.0","0.0","0.0","1.2","5.0","0.1","0.1","0.1","1.0","0.0","0.0","","","","","","","","","","","","1.0","1.1","1.0"
"Davis Allen","LA","TE","DET","0.0","0.0","0.0","0.0","0.0","0.0","0.0","0.0","1.2","0.9","9.0","0.1","0.0","","","","","","","","","","","","2.0","2.5","1.6"
"Jordan Whittington","LA","WR","DET","0.0","0.0","0.0","0.0","0.0","0.0","0.0","0.0","1.0","0.6","8.0","0.1","0.0","","","","","","","","","","","","1.8","2.1","1.5"
"Charlie Jones","CIN","WR","NE","0.0","0.0","0.0","0.0","0.0","0.0","0.0","0.0","1.2","0.8","8.0","0.1","0.0","","","","","","","","","","","","1.8","2.2","1.4"
"Durham Smythe","MIA","TE","JAC","0.0","0.0","0.0","0.0","0.0","0.0","0.0","0.0","1.2","0.9","9.0","0.1","0.0","","","","","","","","","","","","2.0","2.4","1.5"
"Mo Alie-Cox","IND","TE","HOU","0.0","0.0","0.0","0.0","0.0","0.0","0.0","0.0","1.0","0.7","8.0","0.1","0.0","","","","","","","","","","","","2.0","2.3","1.6"
"JaMycal Hasty","NE","RB","CIN","0.0","0.0","0.0","0.0","0.0","0.3","1.0","0.0","0.0","0.3","2.0","0.1","0.0","","","","","","","","","","","","0.9","1.1","0.8"
"Ashton Dulin","IND","WR","HOU","0.0","0.0","0.0","0.0","0.0","0.0","0.0","0.0","1.1","0.7","10.0","0.1","0.0","","","","","","","","","","","","1.7","2.1","1.4"
"Parker Washington","JAC","WR","MIA","0.0","0.0","0.0","0.0","0.0","0.0","0.0","0.0","0.0","0.5","6.0","0.1","0.0","","","","","","","","","","","","1.7","1.9","1.4"
"KaVontae Turpin","DAL","WR","CLE","0.0","0.0","0.0","0.0","0.0","0.3","1.7","0.0","1.0","0.6","7.0","0.1","0.0","","","","","","","","","","","","1.7","2.0","1.4"
"Craig Reynolds","DET","RB","LA","0.0","0.0","0.0","0.0","0.0","0.3","1.0","0.1","0.1","0.1","1.0","0.1","0.0","","","","","","","","","","","","0.9","0.9","0.8"
"Scotty Miller","ATL","WR","PIT","0.0","0.0","0.0","0.0","0.0","0.0","0.0","0.0","1.2","0.7","9.0","0.1","0.0","","","","","","","","","","","","1.7","2.0","1.3"
"Robbie Chosen","MIA","WR","JAC","0.0","0.0","0.0","0.0","0.0","0.0","0.0","0.0","0.0","0.5","8.0","0.1","0.0","","","","","","","","","","","","1.7","1.9","1.4"
"Marquez Valdes-Scantling","BUF","WR","ARI","0.0","0.0","0.0","0.0","0.0","0.0","0.0","0.0","0.7","0.4","6.0","0.1","0.0","","","","","","","","","","","","1.6","1.8","1.4"
"Sione Vaki","DET","RB","LA","0.0","0.0","0.0","0.0","0.0","0.3","1.0","0.0","0.0","0.1","1.0","0.0","0.0","","","","","","","","","","","","0.8","0.9","0.8"
"JuJu Smith-Schuster","KC","WR","BAL","0.0","0.0","0.0","0.0","0.0","0.0","0.0","0.0","0.0","0.5","5.0","0.1","0.0","0.0","0.0","0.0","0.0","0.0","0.0","0.00","0.0","0.0","0.0","0.0","1.6","1.9","1.4"
"C.J. Ham","MIN","RB","NYG","0.0","0.0","0.0","0.0","0.0","0.2","1.0","0.0","0.0","0.3","2.0","0.0","0.0","","","","","","","","","","","","0.8","1.0","0.7"
"Jase McClellan","ATL","RB","PIT","0.0","0.0","0.0","0.0","0.0","0.2","1.0","0.0","0.0","0.1","1.0","0.0","0.0","","","","","","","","","","","","0.8","0.8","0.7"
"Kenny McIntosh","SEA","RB","DEN","0.0","0.0","0.0","0.0","0.0","0.3","1.0","0.0","0.0","0.2","1.0","0.0","0.0","","","","","","","","","","","","0.8","0.9","0.7"
"Sean Tucker","TB","RB","WAS","0.0","0.0","0.0","0.0","0.0","0.3","1.0","0.0","0.0","0.1","1.0","0.0","0.0","","","","","","","","","","","","0.8","0.8","0.7"
"Drew Ogletree","IND","TE","HOU","0.0","0.0","0.0","0.0","0.0","0.0","0.0","0.0","1.1","0.8","9.0","0.1","0.0","","","","","","","","","","","","1.8","2.2","1.4"
"Jordan Mims","NO","RB","CAR","0.0","0.0","0.0","0.0","0.0","0.5","2.0","0.0","0.0","0.2","1.0","0.0","0.0","","","","","","","","","","","","0.7","0.8","0.6"
"Los Angeles Rams","LA","DST","DET","0.0","0.0","0.0","0.0","0.0","0.0","0.0","0.0","0.0","0.0","0.0","0.0","0.0","","","","","","0.0","0.60","0.5","0.2","28.5","386.5","2.4","2.4","2.4"
"Isaiah Williams","DET","WR","LA","0.0","0.0","0.0","0.0","0.0","0.0","0.0","0.0","0.0","0.5","6.0","0.1","0.0","","","","","","","","","","","","1.5","1.8","1.3"
"Patrick Ricard","BAL","RB","KC","0.0","0.0","0.0","0.0","0.0","0.0","0.0","0.0","0.0","0.4","3.0","0.0","0.0","0.0","0.0","0.0","0.0","0.0","0.0","0.00","0.0","0.0","0.0","0.0","0.7","0.9","0.5"
"Trayveon Williams","CIN","RB","NE","0.0","0.0","0.0","0.0","0.0","0.3","1.0","0.0","0.3","0.2","1.0","0.0","0.0","","","","","","","","","","","","0.7","0.8","0.6"
"Elijah Higgins","ARI","TE","BUF","0.0","0.0","0.0","0.0","0.0","0.0","0.0","0.0","1.2","0.8","8.0","0.1","0.0","","","","","","","","","","","","1.7","2.1","1.3"
"Skyy Moore","KC","WR","BAL","0.0","0.0","0.0","0.0","0.0","0.0","0.0","0.0","0.7","0.5","6.0","0.1","0.0","0.0","0.0","0.0","0.0","0.0","0.0","0.00","0.0","0.0","0.0","0.0","1.5","1.7","1.2"
"Darnell Washington","PIT","TE","ATL","0.0","0.0","0.0","0.0","0.0","0.0","0.0","0.0","1.1","0.7","7.0","0.1","0.0","","","","","","","","","","","","1.7","2.0","1.3"
"Jeremy McNichols","WAS","RB","TB","0.0","0.0","0.0","0.0","0.0","0.2","1.0","0.0","0.0","0.1","1.0","0.0","0.0","","","","","","","","","","","","0.6","0.7","0.6"
"Bryce Ford-Wheaton","NYG","WR","MIN","0.0","0.0","0.0","0.0","0.0","0.0","0.0","0.0","1.0","0.6","8.6","0.0","0.0","","","","","","","","","","","","1.4","1.7","1.1"
"Dare Ogunbowale","HOU","RB","IND","0.0","0.0","0.0","0.0","0.0","0.3","1.0","0.0","0.2","0.2","1.0","0.0","0.0","","","","","","","","","","","","0.6","0.7","0.5"
"Foster Moreau","NO","TE","CAR","0.0","0.0","0.0","0.0","0.0","0.0","0.0","0.0","1.6","1.1","7.1","0.1","0.0","","","","","","","","","","","","1.6","2.2","1.1"
"Kyle Juszczyk","SF","TE","NYJ","0.0","0.0","0.0","0.0","0.0","0.3","1.0","0.0","0.0","0.8","5.1","0.1","0.0","","","","","","","","","","","","1.6","2.0","1.2"
"Jordan Akins","CLE","TE","DAL","0.0","0.0","0.0","0.0","0.0","0.0","0.0","0.0","1.1","0.7","6.0","0.1","0.0","","","","","","","","","","","","1.5","1.9","1.2"
"Javon Baker","NE","WR","CIN","0.0","0.0","0.0","0.0","0.0","0.0","0.0","0.0","1.1","0.6","5.3","0.1","0.0","","","","","","","","","","","","1.3","1.6","1.0"
"Luke Farrell","JAC","TE","MIA","0.0","0.0","0.0","0.0","0.0","0.0","0.0","0.0","1.0","0.7","7.0","0.1","0.0","","","","","","","","","","","","1.5","1.9","1.2"
"Khari Blasingame","CHI","RB","TEN","0.0","0.0","0.0","0.0","0.0","0.0","0.0","0.0","0.0","0.2","1.0","0.1","0.0","","","","","","","","","","","","0.5","0.6","0.4"
"Adam Prentice","NO","RB","CAR","0.0","0.0","0.0","0.0","0.0","0.0","0.0","0.0","0.0","0.2","1.0","0.0","0.0","","","","","","","","","","","","0.5","0.6","0.4"
"Casey Washington","ATL","WR","PIT","0.0","0.0","0.0","0.0","0.0","0.0","0.0","0.0","0.7","0.4","5.0","0.1","0.0","","","","","","","","","","","","1.3","1.5","1.1"
"Connor Heyward","PIT","TE","ATL","0.0","0.0","0.0","0.0","0.0","0.0","0.0","0.0","1.1","0.7","7.0","0.1","0.0","","","","","","","","","","","","1.5","1.8","1.1"
"Hunter Luepke","DAL","RB","CLE","0.0","0.0","0.0","0.0","0.0","0.0","0.0","0.0","0.0","0.1","1.0","0.0","0.0","","","","","","","","","","","","0.4","0.5","0.4"
"Reggie Gilliam","BUF","RB","ARI","0.0","0.0","0.0","0.0","0.0","0.0","0.0","0.0","0.0","0.1","1.0","0.0","0.0","","","","","","","","","","","","0.4","0.5","0.4"
"Nick Westbrook-Ikhine","TEN","WR","CHI","0.0","0.0","0.0","0.0","0.0","0.0","0.0","0.0","0.7","0.4","5.0","0.1","0.0","","","","","","","","","","","","1.2","1.4","1.0"
"DJ Turner","LV","WR","LAC","0.0","0.0","0.0","0.0","0.0","0.0","0.0","0.0","0.0","0.4","5.0","0.1","0.0","","","","","","","","","","","","1.1","1.3","0.9"
"John Metchie III","HOU","WR","IND","0.0","0.0","0.0","0.0","0.0","0.0","0.0","0.0","0.7","0.5","6.0","0.0","0.0","","","","","","","","","","","","1.1","1.3","0.8"
"Bub Means","NO","WR","CAR","0.0","0.0","0.0","0.0","0.0","0.0","0.0","0.0","0.5","0.3","4.0","0.1","0.0","","","","","","","","","","","","1.1","1.2","0.9"
"Tom Kennedy","DET","WR","LA","0.0","0.0","0.0","0.0","0.0","0.0","0.0","0.0","0.0","0.4","5.0","0.1","0.0","","","","","","","","","","","","1.1","1.3","0.9"
"Kyle Philips","PHI","WR","GB","0.0","0.0","0.0","0.0","0.0","0.0","0.0","0.0","0.7","0.4","5.0","0.1","0.0","0.0","0.0","0.0","0.0","0.0","0.0","0.00","0.0","0.0","0.0","0.0","1.1","1.3","0.9"
"Devin Duvernay","JAC","WR","MIA","0.0","0.0","0.0","0.0","0.0","0.0","0.0","0.0","0.5","0.3","4.0","0.1","0.0","","","","","","","","","","","","1.1","1.2","0.9"
"Luke Schoonmaker","DAL","TE","CLE","0.0","0.0","0.0","0.0","0.0","0.0","0.0","0.0","0.8","0.5","5.0","0.1","0.0","","","","","","","","","","","","1.2","1.5","1.0"
"David Moore","CAR","WR","NO","0.0","0.0","0.0","0.0","0.0","0.0","0.0","0.0","0.6","0.3","4.0","0.1","0.0","","","","","","","","","","","","1.0","1.1","0.8"
"Jalen Brooks","DAL","WR","CLE","0.0","0.0","0.0","0.0","0.0","0.0","0.0","0.0","0.0","0.3","4.0","0.1","0.0","","","","","","","","","","","","1.0","1.1","0.8"
"Charlie Woerner","ATL","TE","PIT","0.0","0.0","0.0","0.0","0.0","0.0","0.0","0.0","0.5","0.4","4.0","0.1","0.0","","","","","","","","","","","","1.2","1.4","1.0"
"Bo Melton","GB","WR","PHI","0.0","0.0","0.0","0.0","0.0","0.0","0.0","0.0","0.3","0.2","2.0","0.1","0.0","0.0","0.0","0.0","0.0","0.0","0.0","0.00","0.0","0.0","0.0","0.0","1.0","1.1","0.9"
"Will Mallory","IND","TE","HOU","0.0","0.0","0.0","0.0","0.0","0.0","0.0","0.0","0.0","0.5","5.0","0.1","0.0","","","","","","","","","","","","1.2","1.4","0.9"
"Anthony Gould","IND","WR","HOU","0.0","0.0","0.0","0.0","0.0","0.0","0.0","0.0","0.5","0.3","4.0","0.1","0.0","","","","","","","","","","","","0.9","1.1","0.8"
"AJ Barner","SEA","TE","DEN","0.0","0.0","0.0","0.0","0.0","0.0","0.0","0.0","0.7","0.5","5.0","0.1","0.0","","","","","","","","","","","","1.1","1.4","0.9"
"Grant Calcaterra","PHI","TE","GB","0.0","0.0","0.0","0.0","0.0","0.0","0.0","0.0","0.7","0.5","5.0","0.1","0.0","0.0","0.0","0.0","0.0","0.0","0.0","0.00","0.0","0.0","0.0","0.0","1.1","1.4","0.9"
"Kameron Johnson","TB","WR","WAS","0.0","0.0","0.0","0.0","0.0","0.0","0.0","0.0","0.0","0.1","1.0","0.1","0.0","","","","","","","","","","","","0.9","0.9","0.8"
"Ben Skowronek","PIT","WR","ATL","0.0","0.0","0.0","0.0","0.0","0.0","0.0","0.0","0.0","0.3","3.0","0.1","0.0","","","","","","","","","","","","0.9","1.0","0.7"
"Chris Moore","ARI","WR","BUF","0.0","0.0","0.0","0.0","0.0","0.0","0.0","0.0","0.3","0.2","3.0","0.1","0.0","","","","","","","","","","","","0.9","1.0","0.8"
"Tylan Wallace","BAL","WR","KC","0.0","0.0","0.0","0.0","0.0","0.0","0.0","0.0","0.5","0.3","4.0","0.1","0.0","0.0","0.0","0.0","0.0","0.0","0.0","0.00","0.0","0.0","0.0","0.0","0.9","1.0","0.7"
"Jamison Crowder","WAS","WR","TB","0.0","0.0","0.0","0.0","0.0","0.0","0.0","0.0","2.3","0.2","2.0","0.1","0.0","","","","","","","","","","","","0.8","0.9","0.7"
"Kayshon Boutte","NE","WR","CIN","0.0","0.0","0.0","0.0","0.0","0.0","0.0","0.0","0.0","0.3","4.0","0.0","0.0","","","","","","","","","","","","0.8","1.0","0.7"
"Jacob Cowing","SF","WR","NYJ","0.0","0.0","0.0","0.0","0.0","0.0","0.0","0.0","0.0","0.2","2.0","0.1","0.0","","","","","","","","","","","","0.8","0.9","0.7"
"Grant DuBose","MIA","WR","JAC","0.0","0.0","0.0","0.0","0.0","0.0","0.0","0.0","0.3","0.2","2.0","0.1","0.0","","","","","","","","","","","","0.8","0.9","0.7"
"Zach Pascal","ARI","WR","BUF","0.0","0.0","0.0","0.0","0.0","0.0","0.0","0.0","0.0","0.2","2.0","0.1","0.0","","","","","","","","","","","","0.8","0.9","0.7"
"Deonte Harty","BAL","WR","KC","0.0","0.0","0.0","0.0","0.0","0.0","0.0","0.0","0.5","0.3","3.0","0.1","0.0","0.0","0.0","0.0","0.0","0.0","0.0","0.00","0.0","0.0","0.0","0.0","0.8","1.0","0.7"
"Payne Durham","TB","TE","WAS","0.0","0.0","0.0","0.0","0.0","0.0","0.0","0.0","0.6","0.4","4.0","0.1","0.0","","","","","","","","","","","","1.0","1.2","0.8"
"Chris Conley","SF","WR","NYJ","0.0","0.0","0.0","0.0","0.0","0.0","0.0","0.0","0.0","0.2","2.0","0.1","0.0","","","","","","","","","","","","0.8","0.9","0.7"
"John Bates","WAS","TE","TB","0.0","0.0","0.0","0.0","0.0","0.0","0.0","0.0","0.6","0.4","4.0","0.1","0.0","","","","","","","","","","","","1.0","1.2","0.8"
"Erick All","CIN","TE","NE","0.0","0.0","0.0","0.0","0.0","0.0","0.0","0.0","0.0","0.4","4.0","0.1","0.0","","","","","","","","","","","","1.0","1.2","0.8"
"Tip Reiman","ARI","TE","BUF","0.0","0.0","0.0","0.0","0.0","0.0","0.0","0.0","0.5","0.3","3.0","0.1","0.0","","","","","","","","","","","","0.9","1.1","0.8"
"Hunter Long","LA","TE","DET","0.0","0.0","0.0","0.0","0.0","0.0","0.0","0.0","0.4","0.3","3.0","0.1","0.0","","","","","","","","","","","","0.9","1.1","0.8"
"Ronnie Bell","SF","WR","NYJ","0.0","0.0","0.0","0.0","0.0","0.0","0.0","0.0","0.2","0.1","1.0","0.1","0.0","","","","","","","","","","","","0.7","0.7","0.6"
"Tyler Scott","CHI","WR","TEN","0.0","0.0","0.0","0.0","0.0","0.0","0.0","0.0","0.0","0.1","1.0","0.1","0.0","","","","","","","","","","","","0.7","0.7","0.6"
"Johnny Wilson","PHI","WR","GB","0.0","0.0","0.0","0.0","0.0","0.0","0.0","0.0","0.3","0.2","2.5","0.1","0.0","0.0","0.0","0.0","0.0","0.0","0.0","0.00","0.0","0.0","0.0","0.0","0.7","0.8","0.6"
"Stone Smartt","LAC","TE","LV","0.0","0.0","0.0","0.0","0.0","0.0","0.0","0.0","0.0","0.3","3.0","0.1","0.0","","","","","","","","","","","","0.9","1.0","0.7"
"Jamari Thrash","CLE","WR","DAL","0.0","0.0","0.0","0.0","0.0","0.0","0.0","0.0","0.5","0.3","2.1","0.0","0.0","","","","","","","","","","","","0.6","0.8","0.5"
"Bryce Young","CAR","QB","NO","19.4","31.0","204.2","0.7","0.6","2.7","12.4","0.2","0.0","0.0","0.0","0.0","0.2","","","","","","","","","","","","12.5","12.5","12.5"
"Brenden Rice","LAC","WR","LV","0.0","0.0","0.0","0.0","0.0","0.0","0.0","0.0","0.3","0.2","2.0","0.1","0.0","","","","","","","","","","","","0.6","0.7","0.5"
"Brady Russell","SEA","TE","DEN","0.0","0.0","0.0","0.0","0.0","0.0","0.0","0.0","0.0","0.3","3.0","0.1","0.0","","","","","","","","","","","","0.8","1.0","0.7"
"Lucas Krull","DEN","TE","SEA","0.0","0.0","0.0","0.0","0.0","0.0","0.0","0.0","0.5","0.3","3.0","0.1","0.0","","","","","","","","","","","","0.8","1.0","0.7"
"Brenton Strange","JAC","TE","MIA","0.0","0.0","0.0","0.0","0.0","0.0","0.0","0.0","0.0","0.3","3.0","0.1","0.0","","","","","","","","","","","","0.8","0.9","0.6"
"Devaughn Vele","DEN","WR","SEA","0.0","0.0","0.0","0.0","0.0","0.0","0.0","0.0","0.0","0.1","1.0","0.1","0.0","","","","","","","","","","","","0.6","0.6","0.5"
"Ryan Flournoy","DAL","WR","CLE","0.0","0.0","0.0","0.0","0.0","0.0","0.0","0.0","0.0","0.1","1.0","0.1","0.0","","","","","","","","","","","","0.6","0.6","0.5"
"Jake Tonges","SF","TE","NYJ","0.0","0.0","0.0","0.0","0.0","0.0","0.0","0.0","0.0","0.2","2.0","0.1","0.0","","","","","","","","","","","","0.7","0.8","0.6"
"Ross Dwelley","ATL","TE","PIT","0.0","0.0","0.0","0.0","0.0","0.0","0.0","0.0","0.0","0.2","2.0","0.1","0.0","","","","","","","","","","","","0.7","0.8","0.6"
"Xavier Hutchinson","HOU","WR","IND","0.0","0.0","0.0","0.0","0.0","0.0","0.0","0.0","0.0","0.1","1.0","0.1","0.0","","","","","","","","","","","","0.5","0.5","0.4"
"Julian Hill","MIA","TE","JAC","0.0","0.0","0.0","0.0","0.0","0.0","0.0","0.0","0.0","0.2","2.0","0.1","0.0","","","","","","","","","","","","0.7","0.8","0.6"
"Ko Kieft","TB","TE","WAS","0.0","0.0","0.0","0.0","0.0","0.0","0.0","0.0","0.0","0.1","1.0","0.1","0.0","","","","","","","","","","","","0.7","0.7","0.6"
"Jacoby Brissett","NE","QB","CIN","19.6","32.7","209.6","0.7","0.8","3.2","13.0","0.1","0.0","0.0","0.0","0.0","0.2","","","","","","","","","","","","12.3","12.3","12.3"
"DeAndre Carter","CHI","WR","TEN","0.0","0.0","0.0","0.0","0.0","0.0","0.0","0.0","0.0","0.1","1.0","0.0","0.0","","","","","","","","","","","","0.4","0.5","0.4"
"Velus Jones Jr.","CHI","WR","TEN","0.0","0.0","0.0","0.0","0.0","0.3","1.4","0.0","0.1","0.1","1.0","0.0","0.0","","","","","","","","","","","","0.4","0.5","0.4"
"Chris Manhertz","NYG","TE","MIN","0.0","0.0","0.0","0.0","0.0","0.0","0.0","0.0","0.3","0.2","2.0","0.1","0.0","","","","","","","","","","","","0.6","0.7","0.5"
"Jaheim Bell","NE","TE","CIN","0.0","0.0","0.0","0.0","0.0","0.0","0.0","0.0","0.0","0.2","2.0","0.1","0.0","","","","","","","","","","","","0.6","0.7","0.5"
"Cade Stover","HOU","TE","IND","0.0","0.0","0.0","0.0","0.0","0.0","0.0","0.0","0.0","0.2","2.0","0.1","0.0","","","","","","","","","","","","0.6","0.7","0.5"
"Nick Muse","MIN","TE","NYG","0.0","0.0","0.0","0.0","0.0","0.0","0.0","0.0","0.3","0.2","2.0","0.0","0.0","","","","","","","","","","","","0.6","0.7","0.5"
"Nate Adkins","DEN","TE","SEA","0.0","0.0","0.0","0.0","0.0","0.0","0.0","0.0","0.0","0.2","2.0","0.0","0.0","","","","","","","","","","","","0.6","0.7","0.5"
"Ben Sims","GB","TE","PHI","0.0","0.0","0.0","0.0","0.0","0.0","0.0","0.0","0.0","0.2","2.0","0.0","0.0","0.0","0.0","0.0","0.0","0.0","0.0","0.00","0.0","0.0","0.0","0.0","0.6","0.7","0.5"
"Eric Saubert","SF","TE","NYJ","0.0","0.0","0.0","0.0","0.0","0.0","0.0","0.0","0.0","0.1","1.0","0.1","0.0","","","","","","","","","","","","0.6","0.6","0.5"
"MyCole Pruitt","PIT","TE","ATL","0.0","0.0","0.0","0.0","0.0","0.0","0.0","0.0","0.0","0.1","1.0","0.1","0.0","","","","","","","","","","","","0.5","0.6","0.5"
"Marcedes Lewis","CHI","TE","TEN","0.0","0.0","0.0","0.0","0.0","0.0","0.0","0.0","0.0","0.1","1.0","0.1","0.0","","","","","","","","","","","","0.5","0.6","0.5"
"Parker Hesse","DET","TE","LA","0.0","0.0","0.0","0.0","0.0","0.0","0.0","0.0","0.0","0.1","1.0","0.1","0.0","","","","","","","","","","","","0.5","0.6","0.5"
"Charlie Kolar","BAL","TE","KC","0.0","0.0","0.0","0.0","0.0","0.0","0.0","0.0","0.1","0.1","1.0","0.1","0.0","0.0","0.0","0.0","0.0","0.0","0.0","0.00","0.0","0.0","0.0","0.0","0.5","0.5","0.4"
"Jared Wiley","KC","TE","BAL","0.0","0.0","0.0","0.0","0.0","0.0","0.0","0.0","0.0","0.1","1.0","0.1","0.0","0.0","0.0","0.0","0.0","0.0","0.0","0.00","0.0","0.0","0.0","0.0","0.5","0.5","0.4"
"Nick Vannett","TEN","TE","CHI","0.0","0.0","0.0","0.0","0.0","0.0","0.0","0.0","0.0","0.1","1.0","0.1","0.0","","","","","","","","","","","","0.5","0.5","0.4"
"Harrison Bryant","LV","TE","LAC","0.0","0.0","0.0","0.0","0.0","0.0","0.0","0.0","0.0","0.1","1.0","0.1","0.0","","","","","","","","","","","","0.5","0.5","0.4"
"Quintin Morris","BUF","TE","ARI","0.0","0.0","0.0","0.0","0.0","0.0","0.0","0.0","0.1","0.1","1.0","0.0","0.0","","","","","","","","","","","","0.4","0.5","0.4"
"Cole Turner","WAS","TE","TB","0.0","0.0","0.0","0.0","0.0","0.0","0.0","0.0","0.0","0.2","2.0","0.0","0.0","","","","","","","","","","","","0.4","0.5","0.3"