Player,Team,Pos,Games,Att,Yds,YPA,TD,Fum,FumL,PPR,PPR/G,PPR/T
Jonathan Taylor,IND,RB,17,332,1811,5.5,18,4,2,373.1,21.95,1
Najee Harris,PIT,RB,17,307,1200,3.9,7,0,0,300.7,17.69,0.79
Joe Mixon,CIN,RB,16,291,1210,4.2,13,1,0,290.4,18.15,0.87
Antonio Gibson,WAS,RB,16,258,1037,4,7,6,4,227.1,14.19,0.76
Dalvin Cook,MIN,RB,13,249,1159,4.7,6,3,2,204.3,15.72,0.72
Alvin Kamara,NO,RB,13,240,898,3.7,4,0,0,234.7,18.05,0.82
Ezekiel Elliott,DAL,RB,17,237,1002,4.2,10,1,1,244.7,14.39,0.86
Nick Chubb,CLE,RB,14,228,1259,5.5,8,2,1,215.3,15.38,0.87
David Montgomery,CHI,RB,13,225,849,3.8,7,1,1,196,15.08,0.73
Derrick Henry,TEN,RB,8,219,937,4.3,10,1,0,191.3,23.91,0.81
Josh Jacobs,LV,RB,15,217,872,4,9,2,2,226,15.07,0.83
Sony Michel,LA,RB,17,208,845,4.1,4,1,1,146.3,8.61,0.64
Elijah Mitchell,SF,RB,11,207,963,4.7,5,0,0,165,15,0.73
Austin Ekeler,LAC,RB,16,206,911,4.4,12,4,3,339.8,21.24,1.23
Javonte Williams,DEN,RB,17,203,903,4.4,4,2,1,204.9,12.05,0.83
Melvin Gordon,DEN,RB,16,203,919,4.5,8,3,3,195.2,12.2,0.85
Damien Harris,NE,RB,15,203,922,4.5,15,2,2,209.4,13.96,0.95
James Conner,ARI,RB,15,202,752,3.7,15,2,0,256.8,17.12,1.07
Devin Singletary,BUF,RB,17,188,870,4.6,7,5,0,197.8,11.64,0.87
AJ Dillon,GB,RB,17,187,803,4.3,5,2,1,185.6,10.92,0.84
Leonard Fournette,TB,RB,14,180,811,4.5,8,1,0,255.5,18.25,1.03
Myles Gaskin,MIA,RB,17,173,612,3.5,3,2,1,173.6,10.21,0.78
Chuba Hubbard,CAR,RB,16,172,612,3.6,5,1,1,137.6,8.6,0.7
Aaron Jones,GB,RB,15,171,799,4.7,4,2,1,229,15.27,1.03
James Robinson,JAC,RB,14,164,767,4.7,8,4,2,173.9,12.42,0.89
Saquon Barkley,NYG,RB,13,162,593,3.7,2,2,1,148.6,11.43,0.73
Cordarrelle Patterson,ATL,RB,16,153,618,4,6,0,0,234.6,14.66,1.14
Jamaal Williams,DET,RB,13,153,601,3.9,3,1,0,119.8,9.22,0.67
D'Andre Swift,DET,RB,13,151,617,4.1,5,2,1,208.7,16.05,0.98
Darrell Henderson,LA,RB,12,149,688,4.6,5,0,0,163.4,13.62,0.92
Michael Carter,NYJ,RB,14,147,639,4.3,4,1,1,155.4,11.1,0.84
Devontae Booker,NYG,RB,16,145,593,4.1,2,0,0,144.1,9.01,0.78
Darrel Williams,KC,RB,17,144,558,3.9,6,0,0,196,11.53,1.03
Mike Davis,ATL,RB,17,138,503,3.6,3,4,3,138.2,8.13,0.76
Jalen Hurts,PHI,QB,15,138,780,5.7,9,8,2,308.8,20.58,2.24
Miles Sanders,PHI,RB,12,137,754,5.5,0,1,1,115.2,9.6,0.71
Alexander Mattison,MIN,RB,16,134,491,3.7,3,1,1,125.9,7.87,0.76
Devonta Freeman,BAL,RB,16,133,576,4.3,5,0,0,146.6,9.16,0.88
D'Onta Foreman,TEN,RB,9,133,566,4.3,3,2,1,93.9,10.43,0.66
Rhamondre Stevenson,NE,RB,12,133,605,4.5,5,2,1,114.8,9.57,0.78
Lamar Jackson,BAL,QB,12,133,767,5.8,2,5,3,249,20.75,1.87
Tony Pollard,DAL,RB,15,130,719,5.5,2,2,0,156.6,10.44,0.93
Josh Allen,BUF,QB,17,122,763,6.3,6,8,3,411.6,24.21,3.37
Rex Burkhead,HOU,RB,14,122,427,3.5,3,1,0,104.3,7.45,0.71
Clyde Edwards-Helaire,KC,RB,10,119,517,4.3,4,2,2,115.6,11.56,0.84
Latavius Murray,BAL,RB,14,119,501,4.2,6,0,0,103.6,7.4,0.8
Rashaad Penny,SEA,RB,10,119,749,6.3,6,0,0,121.7,12.17,0.97
Chase Edmonds,ARI,RB,12,117,600,5.1,2,1,1,144.1,12.01,0.9
Alex Collins,SEA,RB,11,108,411,3.8,2,1,1,68.8,6.25,0.59
Khalil Herbert,CHI,RB,14,103,433,4.2,2,0,0,78.9,5.64,0.67
Ronald Jones,TB,RB,15,101,428,4.2,4,2,2,79.2,5.28,0.71
D'Ernest Johnson,CLE,RB,12,100,534,5.3,3,1,0,104.1,8.68,0.87
Christian McCaffrey,CAR,RB,7,99,442,4.5,1,1,0,127.5,18.21,0.94
Zack Moss,BUF,RB,13,96,345,3.6,4,2,1,105.2,8.09,0.88
Mark Ingram,HOU,RB,7,92,294,3.2,1,0,0,44.8,6.4,0.45
Kyler Murray,ARI,QB,14,87,423,4.9,5,10,0,309.8,22.13,3.56
Boston Scott,PHI,RB,9,87,373,4.3,7,1,1,98.6,10.96,0.99
Jordan Howard,PHI,RB,7,86,406,4.7,3,0,0,62.5,8.93,0.71
Tevin Coleman,NYJ,RB,11,84,356,4.2,0,0,0,51.5,4.68,0.54
Jeff Wilson,SF,RB,6,79,294,3.7,2,1,0,51.5,8.58,0.6
Kareem Hunt,CLE,RB,8,78,386,4.9,5,0,0,107.8,13.48,1.08
Justin Fields,CHI,QB,12,72,420,5.8,2,12,5,136.8,11.4,1.9
Trevor Lawrence,JAC,QB,17,72,330,4.6,2,8,5,211.6,12.45,2.94
Carlos Hyde,JAC,RB,12,72,253,3.5,1,2,2,45.8,3.82,0.55
Duke Johnson,MIA,RB,5,71,330,4.6,3,0,0,59.1,11.82,0.79
Taysom Hill,NO,QB,12,70,374,5.3,5,2,0,126.7,10.56,1.71
Mark Ingram,NO,RB,7,68,260,3.8,1,1,1,63.8,9.11,0.73
Justin Jackson,LAC,RB,13,68,364,5.4,2,1,1,86.2,6.63,0.96
Kenneth Gainwell,PHI,RB,16,68,291,4.3,5,1,1,121.4,7.59,1.2
Jaret Patterson,WAS,RB,14,68,266,3.9,2,1,0,55.9,3.99,0.72
David Johnson,HOU,RB,13,67,228,3.4,0,1,1,81.3,6.25,0.82
Patrick Mahomes,KC,QB,17,66,381,5.8,2,8,4,370.7,21.8,5.62
Justin Herbert,LAC,QB,17,63,302,4.8,3,1,1,383.8,22.57,6.09
Kenyan Drake,LV,RB,12,63,254,4,2,0,0,102.5,8.54,1.1
Daniel Jones,NYG,QB,11,62,298,4.8,2,7,3,168.5,15.32,2.67
Ty Johnson,NYJ,RB,15,61,238,3.9,2,1,1,117,7.8,1.23
Taylor Heinicke,WAS,QB,16,59,312,5.3,1,7,2,236.6,14.79,3.94
Deebo Samuel,SF,WR,16,58,358,6.2,8,4,2,337.5,21.09,2.5
Carson Wentz,IND,QB,17,57,215,3.8,1,8,5,261,15.35,4.58
Dontrell Hilliard,TEN,RB,7,56,350,6.3,2,2,1,72.7,10.39,0.97
Nyheim Hines,IND,RB,17,56,276,4.9,2,1,0,115.6,6.8,1.2
Peyton Barber,LV,RB,9,55,212,3.9,2,1,0,49.9,5.54,0.77
Samaje Perine,CIN,RB,15,55,246,4.5,1,0,0,83.2,5.55,1.01
Ryan Tannehill,TEN,QB,17,55,270,4.9,7,10,4,280.5,16.5,5.1
Craig Reynolds,DET,RB,5,55,230,4.2,0,0,0,35.2,7.04,0.57
Tony Jones,NO,RB,10,54,142,2.6,0,0,0,22.1,2.21,0.37
Chris Carson,SEA,RB,4,54,232,4.3,3,1,1,48.1,12.03,0.8
Salvon Ahmed,MIA,RB,11,54,149,2.8,0,0,0,38.6,3.51,0.58
Derrick Gore,KC,RB,8,51,256,5,2,0,0,56.1,7.01,0.95
Phillip Lindsay,HOU,RB,10,50,130,2.6,1,0,0,31.7,3.17,0.6
Sam Darnold,CAR,QB,12,48,222,4.6,5,7,4,168.2,14.02,3.51
Dak Prescott,DAL,QB,16,48,131,2.7,1,13,6,323.1,20.19,6.73
J.D. McKissic,WAS,RB,11,48,212,4.4,2,0,0,127.9,11.63,1.41
Cam Newton,CAR,QB,7,47,230,4.9,5,4,1,89.4,12.77,1.9
Tyler Huntley,BAL,QB,7,47,294,6.3,2,4,3,86.6,12.38,1.84
Brandon Bolden,NE,RB,16,44,226,5.1,1,1,0,122.1,7.63,1.44
Ameer Abdullah,CAR,RB,10,44,136,3.1,0,0,0,81.8,8.18,1.04
Mac Jones,NE,QB,17,43,129,3,0,6,3,234,13.76,5.44
Dare Ogunbowale,JAC,RB,10,43,137,3.2,1,0,0,50.1,5.01,0.89
Russell Wilson,SEA,QB,14,43,183,4.3,2,6,1,246.8,17.63,5.74
Tua Tagovailoa,MIA,QB,13,42,128,3,3,8,1,188.9,14.53,4.5
Jeremy McNichols,TEN,RB,13,41,156,3.8,0,0,0,73.6,5.66,1.07
Trey Sermon,SF,RB,5,41,167,4.1,1,0,0,28.3,5.66,0.64
Matt Ryan,ATL,QB,17,40,82,2.1,1,10,4,232.9,13.7,5.82
Damien Williams,CHI,RB,10,40,164,4.1,2,0,0,60.7,6.07,1.08
Joe Burrow,CIN,QB,16,40,118,3,2,5,2,326.2,20.39,8.16
Derek Carr,LV,QB,17,40,108,2.7,0,13,5,271.4,15.96,6.78
Phillip Lindsay,MIA,RB,4,38,119,3.1,0,0,0,13.7,3.43,0.35
Trey Lance,SF,QB,6,38,168,4.4,1,0,0,64.9,10.82,1.71
Jimmy Garoppolo,SF,QB,15,38,47,1.2,3,8,3,237.1,15.81,6.24
Baker Mayfield,CLE,QB,14,37,134,3.6,1,6,3,188.8,13.49,5.1
Ke'Shawn Vaughn,TB,RB,6,36,180,5,2,0,0,36.6,6.1,0.92
Benny Snell,PIT,RB,13,36,98,2.7,0,0,0,13.1,1.01,0.34
Larry Rountree,LAC,RB,8,36,87,2.4,1,0,0,15.6,1.95,0.42
Ty'Son Williams,BAL,RB,7,35,185,5.3,1,1,0,41.9,5.99,0.95
Royce Freeman,HOU,RB,5,35,92,2.6,0,0,0,22.4,4.48,0.53
Eno Benjamin,ARI,RB,7,34,118,3.5,1,0,0,28,4,0.7
Malcolm Brown,MIA,RB,6,33,125,3.8,1,0,0,22.5,3.75,0.63
Corey Clement,DAL,RB,5,33,140,4.2,0,0,0,28.9,5.78,0.74
Aaron Rodgers,GB,QB,16,33,101,3.1,3,3,0,337.3,21.08,9.92
DeeJay Dallas,SEA,RB,11,33,138,4.2,2,1,0,60.1,5.46,1.11
Joshua Kelley,LAC,RB,8,33,102,3.1,0,1,1,17,2.13,0.45
Jameis Winston,NO,QB,7,32,166,5.2,1,2,1,120.4,17.2,3.76
Matthew Stafford,LA,QB,17,32,43,1.3,0,5,2,342.7,20.16,10.71
Le'Veon Bell,BAL,RB,5,31,83,2.7,2,0,0,21.2,4.24,0.66
Teddy Bridgewater,DEN,QB,14,30,106,3.5,2,1,1,207.7,14.83,6.92
Kirk Cousins,MIN,QB,16,29,115,4,1,12,2,307.3,19.21,10.6
Zach Wilson,NYJ,QB,13,29,185,6.4,4,5,1,158.9,12.22,5.48
Marlon Mack,IND,RB,5,28,101,3.6,0,0,0,12.9,2.58,0.43
Tom Brady,TB,QB,17,28,81,2.9,2,4,3,386.7,22.75,13.81
Wayne Gallman,ATL,RB,6,28,104,3.7,0,0,0,13.5,2.25,0.47
Adrian Peterson,TEN,RB,3,27,82,3,1,0,0,19,6.33,0.61
Austin Walter,NYJ,RB,4,26,101,3.9,1,0,0,19,4.75,0.68
Matt Breida,BUF,RB,7,26,125,4.8,1,1,1,42.7,6.1,1.29
Elijhaa Penny,NYG,RB,11,24,99,4.1,1,0,0,33.9,3.08,1.03
Patrick Taylor,GB,RB,4,23,89,3.9,1,0,0,17.2,4.3,0.69
Colt McCoy,ARI,QB,7,22,37,1.7,0,4,1,42.3,6.04,1.92
Royce Freeman,CAR,RB,6,21,77,3.7,0,0,0,12.2,2.03,0.51
Qadree Ollison,ATL,RB,6,21,105,5,1,1,1,19.7,3.28,0.79
Travis Homer,SEA,RB,12,21,177,8.4,1,0,0,55.8,4.65,1.51
Ben Roethlisberger,PIT,QB,16,20,5,0.3,1,9,5,224.1,14.01,11.21
J.J. Taylor,NE,RB,5,19,37,1.9,2,1,1,18.5,3.7,0.8
Tyrod Taylor,HOU,QB,6,19,151,7.9,3,3,0,86.7,14.46,4.57
Jacoby Brissett,MIA,QB,10,19,70,3.7,1,4,3,74.3,7.43,3.91
Rondale Moore,ARI,WR,14,18,76,4.2,0,1,0,111.1,7.94,1.54
Godwin Igwebuike,DET,RB,8,18,118,6.6,1,2,2,26.8,3.35,1.07
Davis Mills,HOU,QB,13,18,44,2.4,0,5,1,163,12.54,9.05
Chris Evans,CIN,RB,9,17,77,4.5,0,0,0,49.8,5.53,1.56
Jonathan Williams,WAS,RB,5,17,79,4.6,1,0,0,20.7,4.14,0.99
Jared Goff,DET,QB,14,16,74,4.6,0,9,6,193.2,13.8,12.08
Andy Dalton,CHI,QB,8,16,76,4.8,0,1,1,89.2,11.15,5.58
JaMycal Hasty,SF,RB,10,16,68,4.3,1,1,0,51.5,5.15,1.32
Jermar Jefferson,DET,RB,4,15,74,4.9,2,0,0,25.7,6.43,1.35
Ryquell Armstead,JAC,RB,2,15,80,5.3,0,0,0,12.6,6.3,0.7
Trayveon Williams,CIN,RB,2,15,51,3.4,0,0,0,6.5,3.25,0.41
Ty Montgomery,NO,WR,11,15,44,2.9,0,0,0,29.9,2.72,0.96
Chase Claypool,PIT,WR,15,14,96,6.9,0,0,0,165.4,11.03,2.27
Kene Nwangwu,MIN,RB,6,13,61,4.7,0,0,0,11,1.83,0.65
Jason Huntley,PHI,RB,1,13,51,3.9,0,0,0,5.1,5.1,0.39
Marcus Mariota,LV,QB,7,13,87,6.7,1,1,0,14.9,2.12,1.14
Deon Jackson,IND,RB,3,13,31,2.4,1,0,0,9.1,3.03,0.7
Mitch Trubisky,BUF,QB,5,13,24,1.8,1,0,0,9.1,1.82,0.7
Kalen Ballage,PIT,RB,8,12,36,3,0,0,0,6.4,0.8,0.46
Jordan Love,GB,QB,6,12,27,2.3,0,3,1,22.1,3.69,1.85
Case Keenum,CLE,QB,5,12,22,1.8,0,1,1,29.7,5.94,2.47
Jerick McKinnon,KC,RB,7,12,62,5.2,0,0,0,35,5,1.4
Kendrick Bourne,NE,WR,17,12,125,10.4,0,1,1,180.5,10.62,2.69
Brian Hoyer,NE,QB,5,11,-8,-0.7,0,0,0,12.3,2.46,1.12
Adrian Peterson,SEA,RB,1,11,16,1.5,1,1,0,7.6,7.6,0.69
Laviska Shenault,JAC,WR,16,11,41,3.7,0,1,1,127,7.94,1.72
James White,NE,RB,3,10,38,3.8,1,0,0,31.2,10.4,1.42
Drew Lock,DEN,QB,6,10,53,5.3,2,2,1,53.9,8.98,4.9
DeAndre Carter,WAS,WR,15,10,89,8.9,0,1,0,80.5,5.37,2.37
Kylin Hill,GB,RB,4,10,24,2.4,0,0,0,3.9,0.98,0.35
Jalen Reagor,PHI,WR,17,10,32,3.2,0,0,0,78.1,4.59,1.82
Blaine Gabbert,TB,QB,6,9,-7,-0.8,0,0,0,2,0.33,0.22
Gardner Minshew,PHI,QB,3,9,21,2.3,0,1,0,34.7,11.55,3.85
CeeDee Lamb,DAL,WR,16,9,76,8.4,0,0,0,234.2,14.64,2.66
Cooper Rush,DAL,QB,4,9,-8,-0.9,0,1,1,25.1,6.27,2.79
Keith Smith,ATL,FB,9,9,31,3.4,0,0,0,17.7,1.97,0.98
Isaiah McKenzie,BUF,WR,11,9,47,5.2,1,0,0,54.5,4.95,1.88
Trevor Siemian,NO,QB,6,9,20,2.2,1,2,1,93.2,15.53,10.35
Jalen Richard,LV,RB,8,9,40,4.4,0,0,0,23.2,2.9,1.1
Jonathan Ward,ARI,RB,6,9,33,3.7,0,0,0,9.7,1.62,0.81
Geno Smith,SEA,QB,4,9,42,4.7,1,1,1,55.3,13.82,6.14
Tyreek Hill,KC,WR,17,9,96,10.7,0,2,1,296.5,17.44,2.47
Jonnu Smith,NE,TE,15,9,40,4.4,0,1,0,67.4,4.49,1.82
Kyle Juszczyk,SF,FB,15,8,22,2.8,1,0,0,73.8,4.92,1.94
Jake Fromm,NYG,QB,3,8,65,8.1,0,2,1,13.9,4.63,1.74
DJ Moore,CAR,WR,17,8,48,6,0,1,1,235.5,13.85,2.33
Michael Burton,KC,FB,9,8,26,3.3,1,0,0,14.7,1.63,1.34
Robert Woods,LA,WR,9,8,46,5.8,1,0,0,135.2,15.02,2.55
Le'Veon Bell,TB,RB,3,8,18,2.3,0,0,0,14.9,4.97,1.24
Chad Henne,KC,QB,4,8,0,0,0,2,0,3.3,0.82,0.41
La'Mical Perine,NYJ,RB,2,8,31,3.9,0,0,0,3.1,1.55,0.39
Mecole Hardman,KC,WR,17,8,46,5.8,0,2,2,140.9,8.29,2.1
Giovani Bernard,TB,RB,10,8,58,7.3,0,1,0,59.1,5.91,1.91
C.J. Ham,MIN,FB,15,7,34,4.9,0,0,0,32.9,2.19,1.37
P.J. Walker,CAR,QB,5,7,13,1.9,0,2,1,14.8,2.96,2.11
Brandon Allen,CIN,QB,5,7,-1,-0.1,0,1,0,13.9,2.77,1.98
Amon-Ra St. Brown,DET,WR,16,7,61,8.7,1,0,0,223.3,13.96,2.3
Braxton Berrios,NYJ,WR,15,7,40,5.7,2,1,1,112.9,7.53,2.13
Devin Duvernay,BAL,WR,15,7,50,7.1,0,0,0,77.2,5.15,1.93
Ameer Abdullah,MIN,RB,5,7,30,4.3,0,0,0,7.7,1.54,0.77
Jalen Guyton,LAC,WR,16,7,34,4.9,0,0,0,97.2,6.08,2.56
Demetric Felton,CLE,RB,11,7,24,3.4,0,0,0,50.5,4.59,2.02
Ja'Marr Chase,CIN,WR,17,7,21,3,0,2,1,304.6,17.92,3.46
Jamal Agnew,JAC,WR,7,7,111,15.9,1,0,0,70,10,2.26
Justin Jefferson,MIN,WR,17,6,14,2.3,0,1,1,330.4,19.44,2.9
Jarvis Landry,CLE,WR,12,6,40,6.7,2,3,2,134.3,11.19,2.32
Anthony Schwartz,CLE,WR,12,6,39,6.5,0,0,0,33.4,2.78,2.09
Scottie Phillips,HOU,RB,2,6,13,2.2,0,0,0,4.2,2.1,0.53
Mike Glennon,NYG,QB,6,6,31,5.2,1,5,3,40.7,6.78,6.78
Darnell Mooney,CHI,WR,17,6,32,5.3,1,0,0,219.7,12.92,2.53
Logan Woodside,TEN,QB,4,6,-6,-1,0,0,0,-0.6,-0.15,-0.1
Deonte Harty,NO,WR,13,5,41,8.2,0,0,0,115.1,8.85,2.81
Diontae Johnson,PIT,WR,16,5,53,10.6,0,2,2,272.4,17.03,2.43
Jaylen Samuels,HOU,RB,2,5,9,1.8,0,0,0,5.3,2.65,0.66
Michael Pittman,IND,WR,17,5,44,8.8,0,1,0,236.6,13.92,2.54
Mike White,NYJ,QB,4,5,-1,-0.2,0,0,0,50,12.51,10
Wendell Smallwood,WAS,RB,2,5,25,5,0,0,0,8.7,4.35,0.97
Brandon Aiyuk,SF,WR,16,5,17,3.4,0,1,1,169.1,10.57,2.77
Cam Akers,LA,RB,1,5,3,0.6,0,0,0,4.3,4.3,0.54
Buddy Howell,LA,RB,1,5,11,2.2,0,0,0,1.1,1.1,0.22
Jakeem Grant,CHI,WR,5,5,33,6.6,0,0,0,38.2,7.64,2.73
Alex Armah,NO,RB,5,5,21,4.2,0,0,0,9.2,1.84,1.53
Elijah Moore,NYJ,WR,11,5,54,10.8,1,0,0,138.2,12.56,2.88
Josh Johnson,BAL,QB,1,5,10,2,0,2,0,20.2,20.16,4.03
Freddie Swain,SEA,WR,16,5,32,6.4,0,0,0,86.5,5.41,2.88
Mike Boone,DEN,RB,2,4,35,8.8,0,0,0,7.7,3.85,1.28
Dwayne Washington,NO,RB,3,4,16,4,0,0,0,4.8,1.6,0.8
Mason Rudolph,PIT,QB,2,4,42,10.5,0,0,0,18.3,9.14,4.57
Cooper Kupp,LA,WR,17,4,18,4.5,0,0,0,437.5,25.74,2.94
Josh Johnson,NYJ,QB,2,4,18,4.5,0,0,0,26.2,13.08,6.54
Albert Wilson,MIA,WR,10,4,17,4.3,0,0,0,48,4.8,1.66
Curtis Samuel,WAS,WR,5,4,11,2.8,0,0,0,9.8,1.96,0.98
Kalif Raymond,DET,WR,16,4,28,7,0,0,0,133.4,8.34,2.57
JaQuan Hardy,DAL,RB,2,4,29,7.3,1,0,0,8.9,4.45,2.23
Kenjon Barner,TB,RB,1,4,0,0,0,0,0,0,0,0
Dee Eskridge,SEA,WR,8,4,59,14.8,0,0,0,28.3,3.54,2.02
Chris Godwin,TB,WR,14,4,21,5.3,1,2,2,242.4,17.31,2.38
Blake Bell,KC,TE,11,4,10,2.5,0,0,0,18.7,1.7,1.44
Nick Foles,CHI,QB,1,4,8,2,0,1,0,14.8,14.8,3.7
Henry Ruggs,LV,WR,7,3,16,5.3,0,0,0,84.5,12.07,3.13
Nelson Agholor,NE,WR,14,3,11,3.7,0,0,0,103.4,7.39,2.59
Tavon Austin,JAC,WR,12,3,21,7,0,0,0,53.4,4.45,1.98
George Kittle,SF,TE,14,3,20,6.7,0,2,1,198,14.14,2.68
Damarea Crockett,DEN,RB,1,3,7,2.3,0,0,0,0.7,0.7,0.23
Feleipe Franks,ATL,TE,3,3,6,2,0,0,0,-0.4,-0.13,-0.13
Gerald Everett,SEA,TE,15,3,20,6.7,0,2,2,117.8,7.85,2.31
Anthony McFarland,PIT,RB,2,3,3,1,0,0,0,2.4,1.2,0.6
Ian Book,NO,QB,1,3,6,2,0,0,0,4,4,1.33
Allen Lazard,GB,WR,14,3,32,10.7,0,0,0,142.5,10.18,3.31
Kadarius Toney,NYG,WR,9,3,6,2,0,0,0,82.4,9.15,1.96
Andre Roberts,LAC,WR,3,3,19,6.3,0,0,0,1.9,0.63,0.63
Tommy Tremble,CAR,TE,14,3,11,3.7,1,0,0,51.1,3.65,2.22
Sam Ehlinger,IND,QB,3,3,9,3,0,0,0,0.9,0.3,0.3
Johnny Stanton,CLE,RB,3,3,5,1.7,0,0,0,9.2,3.07,1.84
JuJu Smith-Schuster,PIT,WR,5,3,9,3,1,0,0,34.8,6.96,1.93
Chris Streveler,ARI,QB,2,3,6,2,0,1,0,2,1.02,0.68
Jason Cabinda,DET,FB,7,3,23,7.7,0,0,0,13.9,1.99,1.99
Hunter Renfrow,LV,WR,17,3,3,1,0,1,1,259.1,15.24,2.44
Adam Prentice,NO,FB,4,3,5,1.7,0,0,0,5.1,1.28,0.85
Gabe Nabers,LAC,RB,5,3,8,2.7,0,0,0,5.5,1.1,0.92
Equanimeous St. Brown,GB,WR,9,3,14,4.7,0,0,0,20.2,2.24,1.68
-,CAR,WR,17,3,36,12,0,0,0,138.5,8.15,2.47
Ashton Dulin,IND,WR,14,3,32,10.7,0,0,0,45.5,3.25,2.84
Reggie Gilliam,BUF,FB,6,3,3,1,0,0,0,5.6,0.93,0.93
Khari Blasingame,TEN,FB,3,3,6,2,0,1,1,1,0.33,0.2
Davis Webb,BUF,QB,1,2,-3,-1.5,0,0,0,-0.3,-0.3,-0.15
Kyle Allen,WAS,QB,2,2,11,5.5,0,1,1,7.9,3.95,3.95
Zay Jones,LV,WR,15,2,3,1.5,0,1,1,105.9,7.06,2.16
Zach Pascal,IND,WR,16,2,21,10.5,0,1,1,95.5,5.97,2.39
Emmanuel Sanders,BUF,WR,14,2,31,15.5,0,0,0,131.7,9.41,2.99
Joe Flacco,NYJ,QB,2,2,3,1.5,0,1,1,23.8,11.91,11.91
Dallin Leavitt,LV,SS,2,2,6,3,0,0,0,0.6,0.3,0.3
Van Jefferson,LA,WR,17,2,20,10,0,0,0,168.2,9.89,3.23
John Kelly,CLE,RB,1,2,13,6.5,0,0,0,1.3,1.3,0.65
Tyler Boyd,CIN,WR,16,2,22,11,0,1,0,183.8,11.49,2.66
A.J. Brown,TEN,WR,13,2,10,5,0,0,0,180.9,13.92,2.78
Tyler Lockett,SEA,WR,16,2,9,4.5,0,0,0,239.4,14.96,3.19
John Wolford,LA,QB,2,2,-1,-0.5,0,0,0,-0.9,-0.45,-0.45
Sean Mannion,MIN,QB,1,2,14,7,0,0,0,13,12.96,6.48
Brandin Cooks,HOU,WR,16,2,21,10.5,0,0,0,231.6,14.48,2.52
Travis Kelce,KC,TE,16,2,3,1.5,1,1,1,263.7,16.48,2.81
Jaylen Waddle,MIA,WR,16,2,3,1.5,1,1,0,247.8,15.49,2.34
Ray-Ray McCloud,PIT,WR,14,2,15,7.5,0,1,0,69.4,4.96,1.69
Jerry Jeudy,DEN,WR,10,2,3,1.5,0,1,0,85,8.5,2.13
Jacques Patrick,SF,RB,1,2,12,6,0,0,0,1.2,1.2,0.6
Marquise Goodwin,CHI,WR,14,2,-1,-0.5,0,0,0,57.2,4.09,2.6
Cameron Batson,TEN,WR,3,2,15,7.5,0,0,0,11,3.67,2.75
Scott Miller,TB,WR,5,2,43,21.5,1,0,0,19.1,3.82,2.73
Andy Janovich,CLE,RB,4,2,0,0,1,0,0,9.9,2.48,1.98
Alec Ingold,LV,FB,7,2,1,0.5,0,0,0,24.6,3.51,2.05
Patrick Ricard,BAL,FB,7,2,4,2,0,0,0,20.7,2.96,2.07
Marcus Johnson,TEN,WR,7,2,-2,-1,0,0,0,24.8,3.54,2.25
Mekhi Sargent,LA,RB,1,2,5,2.5,0,0,0,0.5,0.5,0.25
Mekhi Sargent,TEN,RB,2,2,4,2,0,0,0,0.4,0.2,0.2
Odell Beckham,CLE,WR,6,2,14,7,0,0,0,41.6,6.93,2.19
Darrynton Evans,TEN,RB,1,2,7,3.5,0,0,0,3.8,3.8,0.95
Durham Smythe,MIA,TE,15,2,3,1.5,0,0,0,70,4.67,1.94
Raheem Mostert,SF,RB,1,2,20,10,0,0,0,2,2,1
James Washington,PIT,WR,15,2,13,6.5,0,0,0,65.8,4.39,2.53
Jake Funk,LA,RB,2,2,5,2.5,0,0,0,0.5,0.25,0.25
Cedrick Wilson,DAL,WR,14,2,11,5.5,0,1,0,145.8,10.42,3.1
Chase Daniel,LAC,QB,1,2,-2,-1,0,0,0,-0.2,-0.2,-0.1
Kurt Benkert,GB,QB,1,2,-1,-0.5,0,0,0,-0.1,-0.1,-0.05
Nathan Peterman,LV,QB,1,2,2,1,0,0,0,0.2,0.2,0.1
Trenton Cannon,BAL,RB,1,2,5,2.5,0,0,0,0.5,0.5,0.25
Tim Boyle,DET,QB,4,2,13,6.5,0,0,0,28.3,7.09,14.17
Nathan Cottrell,JAC,RB,1,1,3,3,0,0,0,0.3,0.3,0.3
Michael Palardy,MIA,K,1,1,1,1,0,0,0,0.1,0.1,0.1
Nate McCrary,BAL,RB,1,1,-1,-1,0,0,0,-0.1,-0.1,-0.1
Maurice Ffrench,LAC,WR,1,1,3,3,0,0,0,0.3,0.3,0.3
Ryan Fitzpatrick,WAS,QB,1,1,2,2,0,1,0,0.7,0.72,0.72
Braden Mann,NYJ,P,1,1,4,4,0,0,0,0.4,0.4,0.4
Cyril Grayson,TB,WR,3,1,14,14,0,0,0,44.6,14.87,4.05
Alex Bachman,NYG,WR,1,1,-3,-3,0,0,0,-0.3,-0.3,-0.3
Darius Slayton,NYG,WR,13,1,-13,-13,0,1,1,68.6,5.28,2.54
Cam Sims,WAS,WR,10,1,7,7,0,0,0,48.8,4.88,3.05
Kenny Stills,NO,WR,7,1,1,1,0,0,0,18.9,2.7,2.7
Dyami Brown,WAS,WR,9,1,-4,-4,0,0,0,28.1,3.12,2.16
Jordan Akins,HOU,TE,12,1,3,3,0,2,2,41.7,3.48,1.67
Chris Conley,HOU,WR,14,1,3,3,0,1,1,64.6,4.61,2.81
Randall Cobb,GB,WR,11,1,1,1,0,0,0,95.6,8.69,3.3
Chester Rogers,TEN,WR,16,1,9,9,0,0,0,67,4.19,2.16
Joshua Palmer,LAC,WR,15,1,6,6,0,0,0,92.9,6.19,2.73
David Njoku,CLE,TE,15,1,1,1,0,0,0,107.6,7.17,2.91
Sterling Shepard,NYG,WR,7,1,-9,-9,0,0,0,77.7,11.1,2.1
Olamide Zaccheaus,ATL,WR,15,1,2,2,0,0,0,89.8,5.99,2.81
Bryan Edwards,LV,WR,16,1,0,0,0,1,0,110.1,6.88,3.15
Antonio Brown,TB,WR,7,1,6,6,0,0,0,121.1,17.3,2.82
DeSean Jackson,LV,WR,8,1,4,4,0,1,1,39.7,4.96,3.05
Quez Watkins,PHI,WR,17,1,3,3,0,0,0,114,6.71,2.59
Evan Engram,NYG,TE,15,1,-3,-3,0,1,1,102.5,6.83,2.18
Zach Ertz,ARI,TE,11,1,4,4,0,0,0,131.8,11.98,2.31
K.J. Osborn,MIN,WR,17,1,10,10,0,0,0,158.5,9.32,3.11
Cole Kmet,CHI,TE,17,1,0,0,0,0,0,121.2,7.13,1.99
Adam Thielen,MIN,WR,13,1,2,2,0,1,0,199.8,15.37,2.94
Christian Kirk,ARI,WR,17,1,11,11,0,0,0,209.2,12.31,2.68
Mike Evans,TB,WR,16,1,10,10,0,0,0,262.5,16.41,3.5
Jakobi Meyers,NE,WR,16,1,9,9,0,1,1,182.4,11.4,2.17
DK Metcalf,SEA,WR,17,1,6,6,0,1,0,244.3,14.37,3.21
Terry McLaurin,WAS,WR,17,1,12,12,0,0,0,213.5,12.56,2.74
Marquise Brown,BAL,WR,16,1,5,5,0,2,0,228.3,14.27,2.48
Mark Andrews,BAL,TE,17,1,0,0,0,1,0,297.1,17.48,2.75
John Ross,NYG,WR,9,1,16,16,0,1,0,41,4.56,3.42
Eric Ebron,PIT,TE,8,1,1,1,1,0,0,32.5,4.06,2.5
Andrew Wingard,JAC,FS,1,1,4,4,0,0,0,0.4,0.4,0.4
Trey Ragas,LV,RB,1,1,9,9,0,0,0,3.5,3.5,1.17
C.J. Moore,DET,FS,1,1,28,28,0,0,0,2.8,2.8,2.8
Clayton Fejedelem,MIA,SS,1,1,0,0,0,1,1,-2,-2,-2
David Blough,DET,QB,1,1,6,6,0,1,0,0.6,0.6,0.6
Sean Chandler,CAR,SS,1,1,14,14,0,0,0,1.4,1.4,1.4
Ito Smith,DAL,RB,1,1,4,4,1,0,0,6.4,6.4,6.4
C.J. Beathard,JAC,QB,2,1,2,2,0,0,0,1.5,0.76,1.52
Tremon Smith,HOU,CB,1,1,7,7,0,0,0,0.7,0.7,0.7
Trenton Cannon,SF,RB,1,1,-1,-1,0,0,0,-0.1,-0.1,-0.1
Devine Ozigbo,NO,RB,1,1,-3,-3,0,0,0,1.4,1.4,0.7
Ryan Nall,CHI,RB,2,1,4,4,0,0,0,1.8,0.9,0.9
Gary Brightwell,NYG,RB,2,1,4,4,0,0,0,2,1,1
Mekhi Sargent,JAC,RB,1,1,2,2,0,0,0,0.2,0.2,0.2
Reggie Bonnafon,CAR,RB,1,1,4,4,0,0,0,3.6,3.6,1.2
Derek Watt,PIT,FB,4,1,1,1,0,0,0,4.6,1.15,1.15
Breshad Perriman,TB,WR,5,1,-3,-3,0,0,0,33.4,6.68,2.78
Gunner Olszewski,NE,WR,4,1,9,9,0,0,0,6,1.5,2
Patrick Laird,MIA,RB,3,1,4,4,0,0,0,5.1,1.7,1.28
Greg Dortch,ARI,WR,2,1,24,24,0,0,0,6.9,3.45,1.73
Stanley Morgan,CIN,WR,3,1,3,3,0,0,0,3.4,1.13,1.13
C.J. Board,NYG,WR,4,1,6,6,0,0,0,9.7,2.43,1.94
Amari Rodgers,GB,WR,4,1,11,11,0,0,0,9.6,2.4,1.92
Shi Smith,CAR,WR,5,1,-3,-3,0,0,0,16.1,3.22,2.3
Pharoh Cooper,NYG,WR,6,1,3,3,0,0,0,7.6,1.27,1.52
Phillip Dorsett,HOU,WR,3,1,0,0,0,0,0,16.7,5.57,2.39
Jaelon Darden,TB,WR,7,1,11,11,0,0,0,11.4,1.63,1.63
Dax Milne,WAS,WR,9,1,1,1,0,1,1,15.4,1.71,1.54
Preston Williams,MIA,WR,6,1,7,7,0,0,0,13.8,2.3,1.97
Jeff Smith,NYJ,WR,8,1,-1,-1,0,0,0,19.2,2.4,2.13
Andy Lee,ARI,P,1,1,0,0,0,1,1,-2,-2,-2